0 verbose cli /Users/earthcake/.nvm/versions/node/v22.20.0/bin/node /Users/earthcake/.nvm/versions/node/v22.20.0/bin/npm
1 info using npm@11.14.1
2 info using node@v22.20.0
3 silly config load:file:/Users/earthcake/.nvm/versions/node/v22.20.0/lib/node_modules/npm/npmrc
4 silly config load:file:/Users/earthcake/Documents/e-Training/e-training/.npmrc
5 silly config load:file:/Users/earthcake/.npmrc
6 silly config load:file:/Users/earthcake/.nvm/versions/node/v22.20.0/etc/npmrc
7 verbose title npm install
8 verbose argv "install" "--legacy-peer-deps" "--cache" "/Users/earthcake/Documents/e-Training/e-training/.npm_cache"
9 verbose logfile logs-max:10 dir:/Users/earthcake/Documents/e-Training/e-training/.npm_cache/_logs/2026-05-11T03_29_04_208Z-
10 verbose logfile /Users/earthcake/Documents/e-Training/e-training/.npm_cache/_logs/2026-05-11T03_29_04_208Z-debug-0.log
11 silly logfile done cleaning log files
12 silly packumentCache heap:2197815296 maxSize:549453824 maxEntrySize:274726912
13 silly idealTree buildDeps
14 silly fetch manifest next@^15.3.2
15 silly packumentCache full:https://registry.npmjs.org/next cache-miss
16 http fetch GET 200 https://registry.npmjs.org/npm 560ms
17 http fetch GET 200 https://registry.npmjs.org/next 751ms (cache miss)
18 silly packumentCache full:https://registry.npmjs.org/next set size:undefined disposed:false
19 silly placeDep ROOT next@15.5.18 REPLACE for: e-training@0.1.0 want: ^15.3.2
20 silly fetch manifest postcss@8.4.31
21 silly packumentCache full:https://registry.npmjs.org/postcss cache-miss
22 silly fetch manifest @next/env@15.5.18
23 silly packumentCache full:https://registry.npmjs.org/@next%2fenv cache-miss
24 silly fetch manifest styled-jsx@5.1.6
25 silly packumentCache full:https://registry.npmjs.org/styled-jsx cache-miss
26 silly fetch manifest @swc/helpers@0.5.15
27 silly packumentCache full:https://registry.npmjs.org/@swc%2fhelpers cache-miss
28 silly fetch manifest sharp@^0.34.3
29 silly packumentCache full:https://registry.npmjs.org/sharp cache-miss
30 silly fetch manifest @next/swc-darwin-x64@15.5.18
31 silly packumentCache full:https://registry.npmjs.org/@next%2fswc-darwin-x64 cache-miss
32 silly fetch manifest @next/swc-darwin-arm64@15.5.18
33 silly packumentCache full:https://registry.npmjs.org/@next%2fswc-darwin-arm64 cache-miss
34 http fetch GET 200 https://registry.npmjs.org/postcss 74ms (cache miss)
35 silly packumentCache full:https://registry.npmjs.org/postcss set size:undefined disposed:false
36 silly fetch manifest @next/swc-linux-x64-gnu@15.5.18
37 silly packumentCache full:https://registry.npmjs.org/@next%2fswc-linux-x64-gnu cache-miss
38 http fetch GET 200 https://registry.npmjs.org/styled-jsx 134ms (cache miss)
39 silly packumentCache full:https://registry.npmjs.org/styled-jsx set size:undefined disposed:false
40 silly fetch manifest @next/swc-linux-x64-musl@15.5.18
41 silly packumentCache full:https://registry.npmjs.org/@next%2fswc-linux-x64-musl cache-miss
42 http fetch GET 200 https://registry.npmjs.org/@swc%2fhelpers 170ms (cache miss)
43 silly packumentCache full:https://registry.npmjs.org/@swc%2fhelpers set size:undefined disposed:false
44 silly fetch manifest @next/swc-win32-x64-msvc@15.5.18
45 silly packumentCache full:https://registry.npmjs.org/@next%2fswc-win32-x64-msvc cache-miss
46 http fetch GET 200 https://registry.npmjs.org/sharp 176ms (cache miss)
47 silly packumentCache full:https://registry.npmjs.org/sharp set size:undefined disposed:false
48 silly fetch manifest @next/swc-linux-arm64-gnu@15.5.18
49 silly packumentCache full:https://registry.npmjs.org/@next%2fswc-linux-arm64-gnu cache-miss
50 http fetch GET 200 https://registry.npmjs.org/@next%2fswc-linux-x64-gnu 440ms (cache miss)
51 silly packumentCache full:https://registry.npmjs.org/@next%2fswc-linux-x64-gnu set size:undefined disposed:false
52 silly fetch manifest @next/swc-linux-arm64-musl@15.5.18
53 silly packumentCache full:https://registry.npmjs.org/@next%2fswc-linux-arm64-musl cache-miss
54 http fetch GET 200 https://registry.npmjs.org/@next%2fswc-linux-x64-musl 431ms (cache miss)
55 silly packumentCache full:https://registry.npmjs.org/@next%2fswc-linux-x64-musl set size:undefined disposed:false
56 silly fetch manifest @next/swc-win32-arm64-msvc@15.5.18
57 silly packumentCache full:https://registry.npmjs.org/@next%2fswc-win32-arm64-msvc cache-miss
58 http fetch GET 200 https://registry.npmjs.org/@next%2fswc-darwin-x64 584ms (cache miss)
59 silly packumentCache full:https://registry.npmjs.org/@next%2fswc-darwin-x64 set size:undefined disposed:false
60 http fetch GET 200 https://registry.npmjs.org/@next%2fswc-darwin-arm64 612ms (cache miss)
61 silly packumentCache full:https://registry.npmjs.org/@next%2fswc-darwin-arm64 set size:undefined disposed:false
62 http fetch GET 200 https://registry.npmjs.org/@next%2fenv 690ms (cache miss)
63 silly packumentCache full:https://registry.npmjs.org/@next%2fenv set size:undefined disposed:false
64 http fetch GET 200 https://registry.npmjs.org/@next%2fswc-linux-arm64-gnu 661ms (cache miss)
65 silly packumentCache full:https://registry.npmjs.org/@next%2fswc-linux-arm64-gnu set size:undefined disposed:false
66 http fetch GET 200 https://registry.npmjs.org/@next%2fswc-win32-x64-msvc 737ms (cache miss)
67 silly packumentCache full:https://registry.npmjs.org/@next%2fswc-win32-x64-msvc set size:undefined disposed:false
68 http fetch GET 200 https://registry.npmjs.org/@next%2fswc-win32-arm64-msvc 366ms (cache miss)
69 silly packumentCache full:https://registry.npmjs.org/@next%2fswc-win32-arm64-msvc set size:undefined disposed:false
70 http fetch GET 200 https://registry.npmjs.org/@next%2fswc-linux-arm64-musl 495ms (cache miss)
71 silly packumentCache full:https://registry.npmjs.org/@next%2fswc-linux-arm64-musl set size:undefined disposed:false
72 silly placeDep ROOT @next/env@15.5.18 OK for: next@15.5.18 want: 15.5.18
73 silly placeDep ROOT @next/swc-darwin-arm64@15.5.18 OK for: next@15.5.18 want: 15.5.18
74 silly placeDep ROOT @next/swc-darwin-x64@15.5.18 OK for: next@15.5.18 want: 15.5.18
75 silly placeDep ROOT @next/swc-linux-arm64-gnu@15.5.18 OK for: next@15.5.18 want: 15.5.18
76 silly placeDep ROOT @next/swc-linux-arm64-musl@15.5.18 OK for: next@15.5.18 want: 15.5.18
77 silly placeDep ROOT @next/swc-linux-x64-gnu@15.5.18 OK for: next@15.5.18 want: 15.5.18
78 silly placeDep ROOT @next/swc-linux-x64-musl@15.5.18 OK for: next@15.5.18 want: 15.5.18
79 silly placeDep ROOT @next/swc-win32-arm64-msvc@15.5.18 OK for: next@15.5.18 want: 15.5.18
80 silly placeDep ROOT @next/swc-win32-x64-msvc@15.5.18 OK for: next@15.5.18 want: 15.5.18
81 silly placeDep ROOT @swc/helpers@0.5.15 OK for: next@15.5.18 want: 0.5.15
82 silly placeDep node_modules/next postcss@8.4.31 OK for: next@15.5.18 want: 8.4.31
83 silly placeDep ROOT sharp@0.34.5 OK for: next@15.5.18 want: ^0.34.3
84 silly placeDep ROOT styled-jsx@5.1.6 OK for: next@15.5.18 want: 5.1.6
85 silly fetch manifest semver@^7.7.3
86 silly packumentCache full:https://registry.npmjs.org/semver cache-miss
87 silly fetch manifest @img/colour@^1.0.0
88 silly packumentCache full:https://registry.npmjs.org/@img%2fcolour cache-miss
89 silly fetch manifest @img/sharp-wasm32@0.34.5
90 silly packumentCache full:https://registry.npmjs.org/@img%2fsharp-wasm32 cache-miss
91 silly fetch manifest @img/sharp-linux-arm@0.34.5
92 silly packumentCache full:https://registry.npmjs.org/@img%2fsharp-linux-arm cache-miss
93 silly fetch manifest @img/sharp-linux-x64@0.34.5
94 silly packumentCache full:https://registry.npmjs.org/@img%2fsharp-linux-x64 cache-miss
95 silly fetch manifest @img/sharp-win32-x64@0.34.5
96 silly packumentCache full:https://registry.npmjs.org/@img%2fsharp-win32-x64 cache-miss
97 silly fetch manifest @img/sharp-darwin-x64@0.34.5
98 silly packumentCache full:https://registry.npmjs.org/@img%2fsharp-darwin-x64 cache-miss
99 http fetch GET 200 https://registry.npmjs.org/semver 53ms (cache miss)
100 silly packumentCache full:https://registry.npmjs.org/semver set size:undefined disposed:false
101 silly fetch manifest @img/sharp-win32-ia32@0.34.5
102 silly packumentCache full:https://registry.npmjs.org/@img%2fsharp-win32-ia32 cache-miss
103 http fetch GET 200 https://registry.npmjs.org/@img%2fsharp-linux-x64 71ms (cache miss)
104 silly packumentCache full:https://registry.npmjs.org/@img%2fsharp-linux-x64 set size:undefined disposed:false
105 silly fetch manifest @img/sharp-linux-arm64@0.34.5
106 silly packumentCache full:https://registry.npmjs.org/@img%2fsharp-linux-arm64 cache-miss
107 http fetch GET 200 https://registry.npmjs.org/@img%2fsharp-linux-arm 247ms (cache miss)
108 silly packumentCache full:https://registry.npmjs.org/@img%2fsharp-linux-arm set size:undefined disposed:false
109 silly fetch manifest @img/sharp-linux-ppc64@0.34.5
110 silly packumentCache full:https://registry.npmjs.org/@img%2fsharp-linux-ppc64 cache-miss
111 http fetch GET 200 https://registry.npmjs.org/@img%2fsharp-darwin-x64 257ms (cache miss)
112 silly packumentCache full:https://registry.npmjs.org/@img%2fsharp-darwin-x64 set size:undefined disposed:false
113 silly fetch manifest @img/sharp-linux-s390x@0.34.5
114 silly packumentCache full:https://registry.npmjs.org/@img%2fsharp-linux-s390x cache-miss
115 http fetch GET 200 https://registry.npmjs.org/@img%2fcolour 297ms (cache miss)
116 silly packumentCache full:https://registry.npmjs.org/@img%2fcolour set size:undefined disposed:false
117 silly fetch manifest @img/sharp-win32-arm64@0.34.5
118 silly packumentCache full:https://registry.npmjs.org/@img%2fsharp-win32-arm64 cache-miss
119 http fetch GET 200 https://registry.npmjs.org/@img%2fsharp-win32-x64 348ms (cache miss)
120 silly packumentCache full:https://registry.npmjs.org/@img%2fsharp-win32-x64 set size:undefined disposed:false
121 silly fetch manifest @img/sharp-darwin-arm64@0.34.5
122 silly packumentCache full:https://registry.npmjs.org/@img%2fsharp-darwin-arm64 cache-miss
123 http fetch GET 200 https://registry.npmjs.org/@img%2fsharp-linux-arm64 498ms (cache miss)
124 silly packumentCache full:https://registry.npmjs.org/@img%2fsharp-linux-arm64 set size:undefined disposed:false
125 silly fetch manifest @img/sharp-linux-riscv64@0.34.5
126 silly packumentCache full:https://registry.npmjs.org/@img%2fsharp-linux-riscv64 cache-miss
127 http fetch GET 200 https://registry.npmjs.org/@img%2fsharp-wasm32 573ms (cache miss)
128 silly packumentCache full:https://registry.npmjs.org/@img%2fsharp-wasm32 set size:undefined disposed:false
129 silly fetch manifest @img/sharp-linuxmusl-x64@0.34.5
130 silly packumentCache full:https://registry.npmjs.org/@img%2fsharp-linuxmusl-x64 cache-miss
131 http fetch GET 200 https://registry.npmjs.org/@img%2fsharp-linux-ppc64 340ms (cache miss)
132 silly packumentCache full:https://registry.npmjs.org/@img%2fsharp-linux-ppc64 set size:undefined disposed:false
133 silly fetch manifest @img/sharp-linuxmusl-arm64@0.34.5
134 silly packumentCache full:https://registry.npmjs.org/@img%2fsharp-linuxmusl-arm64 cache-miss
135 http fetch GET 200 https://registry.npmjs.org/@img%2fsharp-linux-s390x 352ms (cache miss)
136 silly packumentCache full:https://registry.npmjs.org/@img%2fsharp-linux-s390x set size:undefined disposed:false
137 silly fetch manifest @img/sharp-libvips-linux-arm@1.2.4
138 silly packumentCache full:https://registry.npmjs.org/@img%2fsharp-libvips-linux-arm cache-miss
139 http fetch GET 200 https://registry.npmjs.org/@img%2fsharp-win32-ia32 576ms (cache miss)
140 silly packumentCache full:https://registry.npmjs.org/@img%2fsharp-win32-ia32 set size:undefined disposed:false
141 silly fetch manifest @img/sharp-libvips-linux-x64@1.2.4
142 silly packumentCache full:https://registry.npmjs.org/@img%2fsharp-libvips-linux-x64 cache-miss
143 http fetch GET 200 https://registry.npmjs.org/@img%2fsharp-linuxmusl-x64 71ms (cache miss)
144 silly packumentCache full:https://registry.npmjs.org/@img%2fsharp-linuxmusl-x64 set size:undefined disposed:false
145 silly fetch manifest @img/sharp-libvips-darwin-x64@1.2.4
146 silly packumentCache full:https://registry.npmjs.org/@img%2fsharp-libvips-darwin-x64 cache-miss
147 http fetch GET 200 https://registry.npmjs.org/@img%2fsharp-win32-arm64 365ms (cache miss)
148 silly packumentCache full:https://registry.npmjs.org/@img%2fsharp-win32-arm64 set size:undefined disposed:false
149 silly fetch manifest @img/sharp-libvips-linux-arm64@1.2.4
150 silly packumentCache full:https://registry.npmjs.org/@img%2fsharp-libvips-linux-arm64 cache-miss
151 http fetch GET 200 https://registry.npmjs.org/@img%2fsharp-libvips-linux-x64 59ms (cache miss)
152 silly packumentCache full:https://registry.npmjs.org/@img%2fsharp-libvips-linux-x64 set size:undefined disposed:false
153 silly fetch manifest @img/sharp-libvips-linux-ppc64@1.2.4
154 silly packumentCache full:https://registry.npmjs.org/@img%2fsharp-libvips-linux-ppc64 cache-miss
155 http fetch GET 200 https://registry.npmjs.org/@img%2fsharp-linux-riscv64 259ms (cache miss)
156 silly packumentCache full:https://registry.npmjs.org/@img%2fsharp-linux-riscv64 set size:undefined disposed:false
157 silly fetch manifest @img/sharp-libvips-linux-s390x@1.2.4
158 silly packumentCache full:https://registry.npmjs.org/@img%2fsharp-libvips-linux-s390x cache-miss
159 http fetch GET 200 https://registry.npmjs.org/@img%2fsharp-linuxmusl-arm64 249ms (cache miss)
160 silly packumentCache full:https://registry.npmjs.org/@img%2fsharp-linuxmusl-arm64 set size:undefined disposed:false
161 silly fetch manifest @img/sharp-libvips-darwin-arm64@1.2.4
162 silly packumentCache full:https://registry.npmjs.org/@img%2fsharp-libvips-darwin-arm64 cache-miss
163 http fetch GET 200 https://registry.npmjs.org/@img%2fsharp-libvips-linux-ppc64 236ms (cache miss)
164 silly packumentCache full:https://registry.npmjs.org/@img%2fsharp-libvips-linux-ppc64 set size:undefined disposed:false
165 silly fetch manifest @img/sharp-libvips-linux-riscv64@1.2.4
166 silly packumentCache full:https://registry.npmjs.org/@img%2fsharp-libvips-linux-riscv64 cache-miss
167 http fetch GET 200 https://registry.npmjs.org/@img%2fsharp-libvips-linux-arm 342ms (cache miss)
168 silly packumentCache full:https://registry.npmjs.org/@img%2fsharp-libvips-linux-arm set size:undefined disposed:false
169 silly fetch manifest @img/sharp-libvips-linuxmusl-x64@1.2.4
170 silly packumentCache full:https://registry.npmjs.org/@img%2fsharp-libvips-linuxmusl-x64 cache-miss
171 http fetch GET 200 https://registry.npmjs.org/@img%2fsharp-libvips-linux-s390x 369ms (cache miss)
172 silly packumentCache full:https://registry.npmjs.org/@img%2fsharp-libvips-linux-s390x set size:undefined disposed:false
173 silly fetch manifest @img/sharp-libvips-linuxmusl-arm64@1.2.4
174 silly packumentCache full:https://registry.npmjs.org/@img%2fsharp-libvips-linuxmusl-arm64 cache-miss
175 http fetch GET 200 https://registry.npmjs.org/@img%2fsharp-libvips-darwin-x64 571ms (cache miss)
176 silly packumentCache full:https://registry.npmjs.org/@img%2fsharp-libvips-darwin-x64 set size:undefined disposed:false
177 silly fetch manifest client-only@0.0.1
178 silly packumentCache full:https://registry.npmjs.org/client-only cache-miss
179 http fetch GET 200 https://registry.npmjs.org/@img%2fsharp-libvips-linux-riscv64 343ms (cache miss)
180 silly packumentCache full:https://registry.npmjs.org/@img%2fsharp-libvips-linux-riscv64 set size:undefined disposed:false
181 http fetch GET 200 https://registry.npmjs.org/@img%2fsharp-darwin-arm64 951ms (cache miss)
182 silly packumentCache full:https://registry.npmjs.org/@img%2fsharp-darwin-arm64 set size:undefined disposed:false
183 http fetch GET 200 https://registry.npmjs.org/@img%2fsharp-libvips-linuxmusl-x64 513ms (cache miss)
184 silly packumentCache full:https://registry.npmjs.org/@img%2fsharp-libvips-linuxmusl-x64 set size:undefined disposed:false
185 http fetch GET 200 https://registry.npmjs.org/client-only 276ms (cache miss)
186 silly packumentCache full:https://registry.npmjs.org/client-only set size:undefined disposed:false
187 http fetch GET 200 https://registry.npmjs.org/@img%2fsharp-libvips-linuxmusl-arm64 322ms (cache miss)
188 silly packumentCache full:https://registry.npmjs.org/@img%2fsharp-libvips-linuxmusl-arm64 set size:undefined disposed:false
189 http fetch GET 200 https://registry.npmjs.org/@img%2fsharp-libvips-linux-arm64 892ms (cache miss)
190 silly packumentCache full:https://registry.npmjs.org/@img%2fsharp-libvips-linux-arm64 set size:undefined disposed:false
191 http fetch GET 200 https://registry.npmjs.org/@img%2fsharp-libvips-darwin-arm64 982ms (cache miss)
192 silly packumentCache full:https://registry.npmjs.org/@img%2fsharp-libvips-darwin-arm64 set size:undefined disposed:false
193 silly placeDep ROOT @img/colour@1.1.0 OK for: sharp@0.34.5 want: ^1.0.0
194 silly placeDep ROOT @img/sharp-darwin-arm64@0.34.5 OK for: sharp@0.34.5 want: 0.34.5
195 silly placeDep ROOT @img/sharp-darwin-x64@0.34.5 OK for: sharp@0.34.5 want: 0.34.5
196 silly placeDep ROOT @img/sharp-libvips-darwin-arm64@1.2.4 OK for: sharp@0.34.5 want: 1.2.4
197 silly placeDep ROOT @img/sharp-libvips-darwin-x64@1.2.4 OK for: sharp@0.34.5 want: 1.2.4
198 silly placeDep ROOT @img/sharp-libvips-linux-arm@1.2.4 OK for: sharp@0.34.5 want: 1.2.4
199 silly placeDep ROOT @img/sharp-libvips-linux-arm64@1.2.4 OK for: sharp@0.34.5 want: 1.2.4
200 silly placeDep ROOT @img/sharp-libvips-linux-ppc64@1.2.4 OK for: sharp@0.34.5 want: 1.2.4
201 silly placeDep ROOT @img/sharp-libvips-linux-riscv64@1.2.4 OK for: sharp@0.34.5 want: 1.2.4
202 silly placeDep ROOT @img/sharp-libvips-linux-s390x@1.2.4 OK for: sharp@0.34.5 want: 1.2.4
203 silly placeDep ROOT @img/sharp-libvips-linux-x64@1.2.4 OK for: sharp@0.34.5 want: 1.2.4
204 silly placeDep ROOT @img/sharp-libvips-linuxmusl-arm64@1.2.4 OK for: sharp@0.34.5 want: 1.2.4
205 silly placeDep ROOT @img/sharp-libvips-linuxmusl-x64@1.2.4 OK for: sharp@0.34.5 want: 1.2.4
206 silly placeDep ROOT @img/sharp-linux-arm@0.34.5 OK for: sharp@0.34.5 want: 0.34.5
207 silly placeDep ROOT @img/sharp-linux-arm64@0.34.5 OK for: sharp@0.34.5 want: 0.34.5
208 silly placeDep ROOT @img/sharp-linux-ppc64@0.34.5 OK for: sharp@0.34.5 want: 0.34.5
209 silly placeDep ROOT @img/sharp-linux-riscv64@0.34.5 OK for: sharp@0.34.5 want: 0.34.5
210 silly placeDep ROOT @img/sharp-linux-s390x@0.34.5 OK for: sharp@0.34.5 want: 0.34.5
211 silly placeDep ROOT @img/sharp-linux-x64@0.34.5 OK for: sharp@0.34.5 want: 0.34.5
212 silly placeDep ROOT @img/sharp-linuxmusl-arm64@0.34.5 OK for: sharp@0.34.5 want: 0.34.5
213 silly placeDep ROOT @img/sharp-linuxmusl-x64@0.34.5 OK for: sharp@0.34.5 want: 0.34.5
214 silly placeDep ROOT @img/sharp-wasm32@0.34.5 OK for: sharp@0.34.5 want: 0.34.5
215 silly placeDep ROOT @img/sharp-win32-arm64@0.34.5 OK for: sharp@0.34.5 want: 0.34.5
216 silly placeDep ROOT @img/sharp-win32-ia32@0.34.5 OK for: sharp@0.34.5 want: 0.34.5
217 silly placeDep ROOT @img/sharp-win32-x64@0.34.5 OK for: sharp@0.34.5 want: 0.34.5
218 silly placeDep node_modules/sharp semver@7.8.0 OK for: sharp@0.34.5 want: ^7.7.3
219 silly placeDep ROOT client-only@0.0.1 OK for: styled-jsx@5.1.6 want: 0.0.1
220 silly reify mark retired [
220 silly reify   '/Users/earthcake/Documents/e-Training/e-training/node_modules/@ampproject/toolbox-core'
220 silly reify ]
221 silly reify mark retired [
221 silly reify   '/Users/earthcake/Documents/e-Training/e-training/node_modules/@ampproject/toolbox-optimizer'
221 silly reify ]
222 silly reify mark retired [
222 silly reify   '/Users/earthcake/Documents/e-Training/e-training/node_modules/@ampproject/toolbox-runtime-version'
222 silly reify ]
223 silly reify mark retired [
223 silly reify   '/Users/earthcake/Documents/e-Training/e-training/node_modules/@ampproject/toolbox-script-csp'
223 silly reify ]
224 silly reify mark retired [
224 silly reify   '/Users/earthcake/Documents/e-Training/e-training/node_modules/@ampproject/toolbox-validator-rules'
224 silly reify ]
225 silly reify mark retired [
225 silly reify   '/Users/earthcake/Documents/e-Training/e-training/node_modules/@babel/helper-annotate-as-pure'
225 silly reify ]
226 silly reify mark retired [
226 silly reify   '/Users/earthcake/Documents/e-Training/e-training/node_modules/@babel/helper-create-class-features-plugin'
226 silly reify ]
227 silly reify mark retired [
227 silly reify   '/Users/earthcake/Documents/e-Training/e-training/node_modules/@babel/helper-create-regexp-features-plugin'
227 silly reify ]
228 silly reify mark retired [
228 silly reify   '/Users/earthcake/Documents/e-Training/e-training/node_modules/@babel/helper-environment-visitor'
228 silly reify ]
229 silly reify mark retired [
229 silly reify   '/Users/earthcake/Documents/e-Training/e-training/node_modules/@babel/helper-member-expression-to-functions'
229 silly reify ]
230 silly reify mark retired [
230 silly reify   '/Users/earthcake/Documents/e-Training/e-training/node_modules/@babel/helper-optimise-call-expression'
230 silly reify ]
231 silly reify mark retired [
231 silly reify   '/Users/earthcake/Documents/e-Training/e-training/node_modules/@babel/helper-plugin-utils'
231 silly reify ]
232 silly reify mark retired [
232 silly reify   '/Users/earthcake/Documents/e-Training/e-training/node_modules/@babel/helper-remap-async-to-generator'
232 silly reify ]
233 silly reify mark retired [
233 silly reify   '/Users/earthcake/Documents/e-Training/e-training/node_modules/@babel/helper-replace-supers'
233 silly reify ]
234 silly reify mark retired [
234 silly reify   '/Users/earthcake/Documents/e-Training/e-training/node_modules/@babel/helper-simple-access'
234 silly reify ]
235 silly reify mark retired [
235 silly reify   '/Users/earthcake/Documents/e-Training/e-training/node_modules/@babel/helper-skip-transparent-expression-wrappers'
235 silly reify ]
236 silly reify mark retired [
236 silly reify   '/Users/earthcake/Documents/e-Training/e-training/node_modules/@babel/helper-wrap-function'
236 silly reify ]
237 silly reify mark retired [
237 silly reify   '/Users/earthcake/Documents/e-Training/e-training/node_modules/@babel/plugin-proposal-async-generator-functions'
237 silly reify ]
238 silly reify mark retired [
238 silly reify   '/Users/earthcake/Documents/e-Training/e-training/node_modules/@babel/plugin-proposal-class-properties'
238 silly reify ]
239 silly reify mark retired [
239 silly reify   '/Users/earthcake/Documents/e-Training/e-training/node_modules/@babel/plugin-proposal-dynamic-import'
239 silly reify ]
240 silly reify mark retired [
240 silly reify   '/Users/earthcake/Documents/e-Training/e-training/node_modules/@babel/plugin-proposal-json-strings'
240 silly reify ]
241 silly reify mark retired [
241 silly reify   '/Users/earthcake/Documents/e-Training/e-training/node_modules/@babel/plugin-proposal-nullish-coalescing-operator'
241 silly reify ]
242 silly reify mark retired [
242 silly reify   '/Users/earthcake/Documents/e-Training/e-training/node_modules/@babel/plugin-proposal-numeric-separator'
242 silly reify ]
243 silly reify mark retired [
243 silly reify   '/Users/earthcake/Documents/e-Training/e-training/node_modules/@babel/plugin-proposal-object-rest-spread'
243 silly reify ]
244 silly reify mark retired [
244 silly reify   '/Users/earthcake/Documents/e-Training/e-training/node_modules/@babel/plugin-proposal-optional-catch-binding'
244 silly reify ]
245 silly reify mark retired [
245 silly reify   '/Users/earthcake/Documents/e-Training/e-training/node_modules/@babel/plugin-proposal-optional-chaining'
245 silly reify ]
246 silly reify mark retired [
246 silly reify   '/Users/earthcake/Documents/e-Training/e-training/node_modules/@babel/plugin-proposal-unicode-property-regex'
246 silly reify ]
247 silly reify mark retired [
247 silly reify   '/Users/earthcake/Documents/e-Training/e-training/node_modules/@babel/plugin-syntax-async-generators'
247 silly reify ]
248 silly reify mark retired [
248 silly reify   '/Users/earthcake/Documents/e-Training/e-training/node_modules/@babel/plugin-syntax-bigint'
248 silly reify ]
249 silly reify mark retired [
249 silly reify   '/Users/earthcake/Documents/e-Training/e-training/node_modules/@babel/plugin-syntax-dynamic-import'
249 silly reify ]
250 silly reify mark retired [
250 silly reify   '/Users/earthcake/Documents/e-Training/e-training/node_modules/@babel/plugin-syntax-json-strings'
250 silly reify ]
251 silly reify mark retired [
251 silly reify   '/Users/earthcake/Documents/e-Training/e-training/node_modules/@babel/plugin-syntax-jsx'
251 silly reify ]
252 silly reify mark retired [
252 silly reify   '/Users/earthcake/Documents/e-Training/e-training/node_modules/@babel/plugin-syntax-nullish-coalescing-operator'
252 silly reify ]
253 silly reify mark retired [
253 silly reify   '/Users/earthcake/Documents/e-Training/e-training/node_modules/@babel/plugin-syntax-numeric-separator'
253 silly reify ]
254 silly reify mark retired [
254 silly reify   '/Users/earthcake/Documents/e-Training/e-training/node_modules/@babel/plugin-syntax-object-rest-spread'
254 silly reify ]
255 silly reify mark retired [
255 silly reify   '/Users/earthcake/Documents/e-Training/e-training/node_modules/@babel/plugin-syntax-optional-catch-binding'
255 silly reify ]
256 silly reify mark retired [
256 silly reify   '/Users/earthcake/Documents/e-Training/e-training/node_modules/@babel/plugin-syntax-optional-chaining'
256 silly reify ]
257 silly reify mark retired [
257 silly reify   '/Users/earthcake/Documents/e-Training/e-training/node_modules/@babel/plugin-syntax-top-level-await'
257 silly reify ]
258 silly reify mark retired [
258 silly reify   '/Users/earthcake/Documents/e-Training/e-training/node_modules/@babel/plugin-syntax-typescript'
258 silly reify ]
259 silly reify mark retired [
259 silly reify   '/Users/earthcake/Documents/e-Training/e-training/node_modules/@babel/plugin-transform-arrow-functions'
259 silly reify ]
260 silly reify mark retired [
260 silly reify   '/Users/earthcake/Documents/e-Training/e-training/node_modules/@babel/plugin-transform-async-to-generator'
260 silly reify ]
261 silly reify mark retired [
261 silly reify   '/Users/earthcake/Documents/e-Training/e-training/node_modules/@babel/plugin-transform-block-scoped-functions'
261 silly reify ]
262 silly reify mark retired [
262 silly reify   '/Users/earthcake/Documents/e-Training/e-training/node_modules/@babel/plugin-transform-block-scoping'
262 silly reify ]
263 silly reify mark retired [
263 silly reify   '/Users/earthcake/Documents/e-Training/e-training/node_modules/@babel/plugin-transform-classes'
263 silly reify ]
264 silly reify mark retired [
264 silly reify   '/Users/earthcake/Documents/e-Training/e-training/node_modules/@babel/plugin-transform-computed-properties'
264 silly reify ]
265 silly reify mark retired [
265 silly reify   '/Users/earthcake/Documents/e-Training/e-training/node_modules/@babel/plugin-transform-destructuring'
265 silly reify ]
266 silly reify mark retired [
266 silly reify   '/Users/earthcake/Documents/e-Training/e-training/node_modules/@babel/plugin-transform-dotall-regex'
266 silly reify ]
267 silly reify mark retired [
267 silly reify   '/Users/earthcake/Documents/e-Training/e-training/node_modules/@babel/plugin-transform-duplicate-keys'
267 silly reify ]
268 silly reify mark retired [
268 silly reify   '/Users/earthcake/Documents/e-Training/e-training/node_modules/@babel/plugin-transform-exponentiation-operator'
268 silly reify ]
269 silly reify mark retired [
269 silly reify   '/Users/earthcake/Documents/e-Training/e-training/node_modules/@babel/plugin-transform-for-of'
269 silly reify ]
270 silly reify mark retired [
270 silly reify   '/Users/earthcake/Documents/e-Training/e-training/node_modules/@babel/plugin-transform-function-name'
270 silly reify ]
271 silly reify mark retired [
271 silly reify   '/Users/earthcake/Documents/e-Training/e-training/node_modules/@babel/plugin-transform-literals'
271 silly reify ]
272 silly reify mark retired [
272 silly reify   '/Users/earthcake/Documents/e-Training/e-training/node_modules/@babel/plugin-transform-member-expression-literals'
272 silly reify ]
273 silly reify mark retired [
273 silly reify   '/Users/earthcake/Documents/e-Training/e-training/node_modules/@babel/plugin-transform-modules-amd'
273 silly reify ]
274 silly reify mark retired [
274 silly reify   '/Users/earthcake/Documents/e-Training/e-training/node_modules/@babel/plugin-transform-modules-commonjs'
274 silly reify ]
275 silly reify mark retired [
275 silly reify   '/Users/earthcake/Documents/e-Training/e-training/node_modules/@babel/plugin-transform-modules-systemjs'
275 silly reify ]
276 silly reify mark retired [
276 silly reify   '/Users/earthcake/Documents/e-Training/e-training/node_modules/@babel/plugin-transform-modules-umd'
276 silly reify ]
277 silly reify mark retired [
277 silly reify   '/Users/earthcake/Documents/e-Training/e-training/node_modules/@babel/plugin-transform-named-capturing-groups-regex'
277 silly reify ]
278 silly reify mark retired [
278 silly reify   '/Users/earthcake/Documents/e-Training/e-training/node_modules/@babel/plugin-transform-new-target'
278 silly reify ]
279 silly reify mark retired [
279 silly reify   '/Users/earthcake/Documents/e-Training/e-training/node_modules/@babel/plugin-transform-object-super'
279 silly reify ]
280 silly reify mark retired [
280 silly reify   '/Users/earthcake/Documents/e-Training/e-training/node_modules/@babel/plugin-transform-parameters'
280 silly reify ]
281 silly reify mark retired [
281 silly reify   '/Users/earthcake/Documents/e-Training/e-training/node_modules/@babel/plugin-transform-property-literals'
281 silly reify ]
282 silly reify mark retired [
282 silly reify   '/Users/earthcake/Documents/e-Training/e-training/node_modules/@babel/plugin-transform-react-display-name'
282 silly reify ]
283 silly reify mark retired [
283 silly reify   '/Users/earthcake/Documents/e-Training/e-training/node_modules/@babel/plugin-transform-react-jsx'
283 silly reify ]
284 silly reify mark retired [
284 silly reify   '/Users/earthcake/Documents/e-Training/e-training/node_modules/@babel/plugin-transform-react-jsx-self'
284 silly reify ]
285 silly reify mark retired [
285 silly reify   '/Users/earthcake/Documents/e-Training/e-training/node_modules/@babel/plugin-transform-react-jsx-source'
285 silly reify ]
286 silly reify mark retired [
286 silly reify   '/Users/earthcake/Documents/e-Training/e-training/node_modules/@babel/plugin-transform-regenerator'
286 silly reify ]
287 silly reify mark retired [
287 silly reify   '/Users/earthcake/Documents/e-Training/e-training/node_modules/@babel/plugin-transform-reserved-words'
287 silly reify ]
288 silly reify mark retired [
288 silly reify   '/Users/earthcake/Documents/e-Training/e-training/node_modules/@babel/plugin-transform-runtime'
288 silly reify ]
289 silly reify mark retired [
289 silly reify   '/Users/earthcake/Documents/e-Training/e-training/node_modules/@babel/plugin-transform-shorthand-properties'
289 silly reify ]
290 silly reify mark retired [
290 silly reify   '/Users/earthcake/Documents/e-Training/e-training/node_modules/@babel/plugin-transform-spread'
290 silly reify ]
291 silly reify mark retired [
291 silly reify   '/Users/earthcake/Documents/e-Training/e-training/node_modules/@babel/plugin-transform-sticky-regex'
291 silly reify ]
292 silly reify mark retired [
292 silly reify   '/Users/earthcake/Documents/e-Training/e-training/node_modules/@babel/plugin-transform-template-literals'
292 silly reify ]
293 silly reify mark retired [
293 silly reify   '/Users/earthcake/Documents/e-Training/e-training/node_modules/@babel/plugin-transform-typeof-symbol'
293 silly reify ]
294 silly reify mark retired [
294 silly reify   '/Users/earthcake/Documents/e-Training/e-training/node_modules/@babel/plugin-transform-typescript'
294 silly reify ]
295 silly reify mark retired [
295 silly reify   '/Users/earthcake/Documents/e-Training/e-training/node_modules/@babel/plugin-transform-unicode-regex'
295 silly reify ]
296 silly reify mark retired [
296 silly reify   '/Users/earthcake/Documents/e-Training/e-training/node_modules/@babel/preset-env'
296 silly reify ]
297 silly reify mark retired [
297 silly reify   '/Users/earthcake/Documents/e-Training/e-training/node_modules/@babel/preset-modules'
297 silly reify ]
298 silly reify mark retired [
298 silly reify   '/Users/earthcake/Documents/e-Training/e-training/node_modules/@babel/preset-react'
298 silly reify ]
299 silly reify mark retired [
299 silly reify   '/Users/earthcake/Documents/e-Training/e-training/node_modules/@babel/preset-typescript'
299 silly reify ]
300 silly reify mark retired [
300 silly reify   '/Users/earthcake/Documents/e-Training/e-training/node_modules/@csstools/convert-colors'
300 silly reify ]
301 silly reify mark retired [
301 silly reify   '/Users/earthcake/Documents/e-Training/e-training/node_modules/@next/polyfill-nomodule'
301 silly reify ]
302 silly reify mark retired [
302 silly reify   '/Users/earthcake/Documents/e-Training/e-training/node_modules/@webassemblyjs/ast'
302 silly reify ]
303 silly reify mark retired [
303 silly reify   '/Users/earthcake/Documents/e-Training/e-training/node_modules/@webassemblyjs/floating-point-hex-parser'
303 silly reify ]
304 silly reify mark retired [
304 silly reify   '/Users/earthcake/Documents/e-Training/e-training/node_modules/@webassemblyjs/helper-api-error'
304 silly reify ]
305 silly reify mark retired [
305 silly reify   '/Users/earthcake/Documents/e-Training/e-training/node_modules/@webassemblyjs/helper-buffer'
305 silly reify ]
306 silly reify mark retired [
306 silly reify   '/Users/earthcake/Documents/e-Training/e-training/node_modules/@webassemblyjs/helper-code-frame'
306 silly reify ]
307 silly reify mark retired [
307 silly reify   '/Users/earthcake/Documents/e-Training/e-training/node_modules/@webassemblyjs/helper-fsm'
307 silly reify ]
308 silly reify mark retired [
308 silly reify   '/Users/earthcake/Documents/e-Training/e-training/node_modules/@webassemblyjs/helper-module-context'
308 silly reify ]
309 silly reify mark retired [
309 silly reify   '/Users/earthcake/Documents/e-Training/e-training/node_modules/@webassemblyjs/helper-wasm-bytecode'
309 silly reify ]
310 silly reify mark retired [
310 silly reify   '/Users/earthcake/Documents/e-Training/e-training/node_modules/@webassemblyjs/helper-wasm-section'
310 silly reify ]
311 silly reify mark retired [
311 silly reify   '/Users/earthcake/Documents/e-Training/e-training/node_modules/@webassemblyjs/ieee754'
311 silly reify ]
312 silly reify mark retired [
312 silly reify   '/Users/earthcake/Documents/e-Training/e-training/node_modules/@webassemblyjs/leb128'
312 silly reify ]
313 silly reify mark retired [
313 silly reify   '/Users/earthcake/Documents/e-Training/e-training/node_modules/@webassemblyjs/utf8'
313 silly reify ]
314 silly reify mark retired [
314 silly reify   '/Users/earthcake/Documents/e-Training/e-training/node_modules/@webassemblyjs/wasm-edit'
314 silly reify ]
315 silly reify mark retired [
315 silly reify   '/Users/earthcake/Documents/e-Training/e-training/node_modules/@webassemblyjs/wasm-gen'
315 silly reify ]
316 silly reify mark retired [
316 silly reify   '/Users/earthcake/Documents/e-Training/e-training/node_modules/@webassemblyjs/wasm-opt'
316 silly reify ]
317 silly reify mark retired [
317 silly reify   '/Users/earthcake/Documents/e-Training/e-training/node_modules/@webassemblyjs/wasm-parser'
317 silly reify ]
318 silly reify mark retired [
318 silly reify   '/Users/earthcake/Documents/e-Training/e-training/node_modules/@webassemblyjs/wast-parser'
318 silly reify ]
319 silly reify mark retired [
319 silly reify   '/Users/earthcake/Documents/e-Training/e-training/node_modules/@webassemblyjs/wast-printer'
319 silly reify ]
320 silly reify mark retired [
320 silly reify   '/Users/earthcake/Documents/e-Training/e-training/node_modules/@xtuc/ieee754'
320 silly reify ]
321 silly reify mark retired [
321 silly reify   '/Users/earthcake/Documents/e-Training/e-training/node_modules/@xtuc/long'
321 silly reify ]
322 silly reify mark retired [
322 silly reify   '/Users/earthcake/Documents/e-Training/e-training/node_modules/accepts'
322 silly reify ]
323 silly reify mark retired [
323 silly reify   '/Users/earthcake/Documents/e-Training/e-training/node_modules/adjust-sourcemap-loader'
323 silly reify ]
324 silly reify mark retired [
324 silly reify   '/Users/earthcake/Documents/e-Training/e-training/node_modules/ajv-errors'
324 silly reify ]
325 silly reify mark retired [
325 silly reify   '/Users/earthcake/Documents/e-Training/e-training/node_modules/ajv-keywords'
325 silly reify ]
326 silly reify mark retired [
326 silly reify   '/Users/earthcake/Documents/e-Training/e-training/node_modules/amphtml-validator',
326 silly reify   '/Users/earthcake/Documents/e-Training/e-training/node_modules/.bin/amphtml-validator'
326 silly reify ]
327 silly reify mark retired [
327 silly reify   '/Users/earthcake/Documents/e-Training/e-training/node_modules/ansi-colors'
327 silly reify ]
328 silly reify mark retired [
328 silly reify   '/Users/earthcake/Documents/e-Training/e-training/node_modules/ansi-html',
328 silly reify   '/Users/earthcake/Documents/e-Training/e-training/node_modules/.bin/ansi-html'
328 silly reify ]
329 silly reify mark retired [
329 silly reify   '/Users/earthcake/Documents/e-Training/e-training/node_modules/anymatch'
329 silly reify ]
330 silly reify mark retired [
330 silly reify   '/Users/earthcake/Documents/e-Training/e-training/node_modules/aproba'
330 silly reify ]
331 silly reify mark retired [
331 silly reify   '/Users/earthcake/Documents/e-Training/e-training/node_modules/arity-n'
331 silly reify ]
332 silly reify mark retired [
332 silly reify   '/Users/earthcake/Documents/e-Training/e-training/node_modules/arr-diff'
332 silly reify ]
333 silly reify mark retired [
333 silly reify   '/Users/earthcake/Documents/e-Training/e-training/node_modules/arr-flatten'
333 silly reify ]
334 silly reify mark retired [
334 silly reify   '/Users/earthcake/Documents/e-Training/e-training/node_modules/arr-union'
334 silly reify ]
335 silly reify mark retired [
335 silly reify   '/Users/earthcake/Documents/e-Training/e-training/node_modules/array-union'
335 silly reify ]
336 silly reify mark retired [
336 silly reify   '/Users/earthcake/Documents/e-Training/e-training/node_modules/array-uniq'
336 silly reify ]
337 silly reify mark retired [
337 silly reify   '/Users/earthcake/Documents/e-Training/e-training/node_modules/array-unique'
337 silly reify ]
338 silly reify mark retired [
338 silly reify   '/Users/earthcake/Documents/e-Training/e-training/node_modules/asap'
338 silly reify ]
339 silly reify mark retired [
339 silly reify   '/Users/earthcake/Documents/e-Training/e-training/node_modules/asn1.js'
339 silly reify ]
340 silly reify mark retired [
340 silly reify   '/Users/earthcake/Documents/e-Training/e-training/node_modules/assert'
340 silly reify ]
341 silly reify mark retired [
341 silly reify   '/Users/earthcake/Documents/e-Training/e-training/node_modules/assign-symbols'
341 silly reify ]
342 silly reify mark retired [
342 silly reify   '/Users/earthcake/Documents/e-Training/e-training/node_modules/async-each'
342 silly reify ]
343 silly reify mark retired [
343 silly reify   '/Users/earthcake/Documents/e-Training/e-training/node_modules/async-retry'
343 silly reify ]
344 silly reify mark retired [
344 silly reify   '/Users/earthcake/Documents/e-Training/e-training/node_modules/async-sema'
344 silly reify ]
345 silly reify mark retired [
345 silly reify   '/Users/earthcake/Documents/e-Training/e-training/node_modules/atob',
345 silly reify   '/Users/earthcake/Documents/e-Training/e-training/node_modules/.bin/atob'
345 silly reify ]
346 silly reify mark retired [
346 silly reify   '/Users/earthcake/Documents/e-Training/e-training/node_modules/autodll-webpack-plugin'
346 silly reify ]
347 silly reify mark retired [
347 silly reify   '/Users/earthcake/Documents/e-Training/e-training/node_modules/autoprefixer',
347 silly reify   '/Users/earthcake/Documents/e-Training/e-training/node_modules/.bin/autoprefixer'
347 silly reify ]
348 silly reify mark retired [
348 silly reify   '/Users/earthcake/Documents/e-Training/e-training/node_modules/babel-code-frame'
348 silly reify ]
349 silly reify mark retired [
349 silly reify   '/Users/earthcake/Documents/e-Training/e-training/node_modules/babel-core'
349 silly reify ]
350 silly reify mark retired [
350 silly reify   '/Users/earthcake/Documents/e-Training/e-training/node_modules/babel-loader'
350 silly reify ]
351 silly reify mark retired [
351 silly reify   '/Users/earthcake/Documents/e-Training/e-training/node_modules/babel-plugin-dynamic-import-node'
351 silly reify ]
352 silly reify mark retired [
352 silly reify   '/Users/earthcake/Documents/e-Training/e-training/node_modules/babel-plugin-syntax-jsx'
352 silly reify ]
353 silly reify mark retired [
353 silly reify   '/Users/earthcake/Documents/e-Training/e-training/node_modules/babel-plugin-transform-define'
353 silly reify ]
354 silly reify mark retired [
354 silly reify   '/Users/earthcake/Documents/e-Training/e-training/node_modules/babel-plugin-transform-react-remove-prop-types'
354 silly reify ]
355 silly reify mark retired [
355 silly reify   '/Users/earthcake/Documents/e-Training/e-training/node_modules/base'
355 silly reify ]
356 silly reify mark retired [
356 silly reify   '/Users/earthcake/Documents/e-Training/e-training/node_modules/base64-js'
356 silly reify ]
357 silly reify mark retired [
357 silly reify   '/Users/earthcake/Documents/e-Training/e-training/node_modules/big.js'
357 silly reify ]
358 silly reify mark retired [
358 silly reify   '/Users/earthcake/Documents/e-Training/e-training/node_modules/binary-extensions'
358 silly reify ]
359 silly reify mark retired [
359 silly reify   '/Users/earthcake/Documents/e-Training/e-training/node_modules/bindings'
359 silly reify ]
360 silly reify mark retired [
360 silly reify   '/Users/earthcake/Documents/e-Training/e-training/node_modules/bluebird'
360 silly reify ]
361 silly reify mark retired [
361 silly reify   '/Users/earthcake/Documents/e-Training/e-training/node_modules/bn.js'
361 silly reify ]
362 silly reify mark retired [
362 silly reify   '/Users/earthcake/Documents/e-Training/e-training/node_modules/brorand'
362 silly reify ]
363 silly reify mark retired [
363 silly reify   '/Users/earthcake/Documents/e-Training/e-training/node_modules/browserify-aes'
363 silly reify ]
364 silly reify mark retired [
364 silly reify   '/Users/earthcake/Documents/e-Training/e-training/node_modules/browserify-cipher'
364 silly reify ]
365 silly reify mark retired [
365 silly reify   '/Users/earthcake/Documents/e-Training/e-training/node_modules/browserify-des'
365 silly reify ]
366 silly reify mark retired [
366 silly reify   '/Users/earthcake/Documents/e-Training/e-training/node_modules/browserify-rsa'
366 silly reify ]
367 silly reify mark retired [
367 silly reify   '/Users/earthcake/Documents/e-Training/e-training/node_modules/browserify-sign'
367 silly reify ]
368 silly reify mark retired [
368 silly reify   '/Users/earthcake/Documents/e-Training/e-training/node_modules/browserify-zlib'
368 silly reify ]
369 silly reify mark retired [
369 silly reify   '/Users/earthcake/Documents/e-Training/e-training/node_modules/buffer'
369 silly reify ]
370 silly reify mark retired [
370 silly reify   '/Users/earthcake/Documents/e-Training/e-training/node_modules/buffer-equal-constant-time'
370 silly reify ]
371 silly reify mark retired [
371 silly reify   '/Users/earthcake/Documents/e-Training/e-training/node_modules/buffer-from'
371 silly reify ]
372 silly reify mark retired [
372 silly reify   '/Users/earthcake/Documents/e-Training/e-training/node_modules/buffer-json'
372 silly reify ]
373 silly reify mark retired [
373 silly reify   '/Users/earthcake/Documents/e-Training/e-training/node_modules/buffer-xor'
373 silly reify ]
374 silly reify mark retired [
374 silly reify   '/Users/earthcake/Documents/e-Training/e-training/node_modules/builtin-status-codes'
374 silly reify ]
375 silly reify mark retired [
375 silly reify   '/Users/earthcake/Documents/e-Training/e-training/node_modules/bytes'
375 silly reify ]
376 silly reify mark retired [
376 silly reify   '/Users/earthcake/Documents/e-Training/e-training/node_modules/cacache'
376 silly reify ]
377 silly reify mark retired [
377 silly reify   '/Users/earthcake/Documents/e-Training/e-training/node_modules/cache-base'
377 silly reify ]
378 silly reify mark retired [
378 silly reify   '/Users/earthcake/Documents/e-Training/e-training/node_modules/cache-loader'
378 silly reify ]
379 silly reify mark retired [
379 silly reify   '/Users/earthcake/Documents/e-Training/e-training/node_modules/caller-callsite'
379 silly reify ]
380 silly reify mark retired [
380 silly reify   '/Users/earthcake/Documents/e-Training/e-training/node_modules/caller-path'
380 silly reify ]
381 silly reify mark retired [
381 silly reify   '/Users/earthcake/Documents/e-Training/e-training/node_modules/camelcase'
381 silly reify ]
382 silly reify mark retired [
382 silly reify   '/Users/earthcake/Documents/e-Training/e-training/node_modules/chownr'
382 silly reify ]
383 silly reify mark retired [
383 silly reify   '/Users/earthcake/Documents/e-Training/e-training/node_modules/chrome-trace-event'
383 silly reify ]
384 silly reify mark retired [
384 silly reify   '/Users/earthcake/Documents/e-Training/e-training/node_modules/ci-info'
384 silly reify ]
385 silly reify mark retired [
385 silly reify   '/Users/earthcake/Documents/e-Training/e-training/node_modules/cipher-base'
385 silly reify ]
386 silly reify mark retired [
386 silly reify   '/Users/earthcake/Documents/e-Training/e-training/node_modules/class-utils'
386 silly reify ]
387 silly reify mark retired [
387 silly reify   '/Users/earthcake/Documents/e-Training/e-training/node_modules/cli-cursor'
387 silly reify ]
388 silly reify mark retired [
388 silly reify   '/Users/earthcake/Documents/e-Training/e-training/node_modules/cli-spinners'
388 silly reify ]
389 silly reify mark retired [
389 silly reify   '/Users/earthcake/Documents/e-Training/e-training/node_modules/clone'
389 silly reify ]
390 silly reify mark retired [
390 silly reify   '/Users/earthcake/Documents/e-Training/e-training/node_modules/clone-deep'
390 silly reify ]
391 silly reify mark retired [
391 silly reify   '/Users/earthcake/Documents/e-Training/e-training/node_modules/collection-visit'
391 silly reify ]
392 silly reify mark retired [
392 silly reify   '/Users/earthcake/Documents/e-Training/e-training/node_modules/colors'
392 silly reify ]
393 silly reify mark retired [
393 silly reify   '/Users/earthcake/Documents/e-Training/e-training/node_modules/commander'
393 silly reify ]
394 silly reify mark retired [
394 silly reify   '/Users/earthcake/Documents/e-Training/e-training/node_modules/commondir'
394 silly reify ]
395 silly reify mark retired [
395 silly reify   '/Users/earthcake/Documents/e-Training/e-training/node_modules/component-emitter'
395 silly reify ]
396 silly reify mark retired [
396 silly reify   '/Users/earthcake/Documents/e-Training/e-training/node_modules/compose-function'
396 silly reify ]
397 silly reify mark retired [
397 silly reify   '/Users/earthcake/Documents/e-Training/e-training/node_modules/compressible'
397 silly reify ]
398 silly reify mark retired [
398 silly reify   '/Users/earthcake/Documents/e-Training/e-training/node_modules/compression'
398 silly reify ]
399 silly reify mark retired [
399 silly reify   '/Users/earthcake/Documents/e-Training/e-training/node_modules/concat-stream'
399 silly reify ]
400 silly reify mark retired [
400 silly reify   '/Users/earthcake/Documents/e-Training/e-training/node_modules/conf'
400 silly reify ]
401 silly reify mark retired [
401 silly reify   '/Users/earthcake/Documents/e-Training/e-training/node_modules/console-browserify'
401 silly reify ]
402 silly reify mark retired [
402 silly reify   '/Users/earthcake/Documents/e-Training/e-training/node_modules/constants-browserify'
402 silly reify ]
403 silly reify mark retired [
403 silly reify   '/Users/earthcake/Documents/e-Training/e-training/node_modules/content-type'
403 silly reify ]
404 silly reify mark retired [
404 silly reify   '/Users/earthcake/Documents/e-Training/e-training/node_modules/copy-concurrently'
404 silly reify ]
405 silly reify mark retired [
405 silly reify   '/Users/earthcake/Documents/e-Training/e-training/node_modules/copy-descriptor'
405 silly reify ]
406 silly reify mark retired [
406 silly reify   '/Users/earthcake/Documents/e-Training/e-training/node_modules/core-js-compat'
406 silly reify ]
407 silly reify mark retired [
407 silly reify   '/Users/earthcake/Documents/e-Training/e-training/node_modules/core-util-is'
407 silly reify ]
408 silly reify mark retired [
408 silly reify   '/Users/earthcake/Documents/e-Training/e-training/node_modules/create-ecdh'
408 silly reify ]
409 silly reify mark retired [
409 silly reify   '/Users/earthcake/Documents/e-Training/e-training/node_modules/create-hash'
409 silly reify ]
410 silly reify mark retired [
410 silly reify   '/Users/earthcake/Documents/e-Training/e-training/node_modules/create-hmac'
410 silly reify ]
411 silly reify mark retired [
411 silly reify   '/Users/earthcake/Documents/e-Training/e-training/node_modules/cross-fetch'
411 silly reify ]
412 silly reify mark retired [
412 silly reify   '/Users/earthcake/Documents/e-Training/e-training/node_modules/crypto-browserify'
412 silly reify ]
413 silly reify mark retired [ '/Users/earthcake/Documents/e-Training/e-training/node_modules/css' ]
414 silly reify mark retired [
414 silly reify   '/Users/earthcake/Documents/e-Training/e-training/node_modules/css-blank-pseudo',
414 silly reify   '/Users/earthcake/Documents/e-Training/e-training/node_modules/.bin/css-blank-pseudo'
414 silly reify ]
415 silly reify mark retired [
415 silly reify   '/Users/earthcake/Documents/e-Training/e-training/node_modules/css-has-pseudo',
415 silly reify   '/Users/earthcake/Documents/e-Training/e-training/node_modules/.bin/css-has-pseudo'
415 silly reify ]
416 silly reify mark retired [
416 silly reify   '/Users/earthcake/Documents/e-Training/e-training/node_modules/css-loader'
416 silly reify ]
417 silly reify mark retired [
417 silly reify   '/Users/earthcake/Documents/e-Training/e-training/node_modules/css-prefers-color-scheme',
417 silly reify   '/Users/earthcake/Documents/e-Training/e-training/node_modules/.bin/css-prefers-color-scheme'
417 silly reify ]
418 silly reify mark retired [
418 silly reify   '/Users/earthcake/Documents/e-Training/e-training/node_modules/cssdb'
418 silly reify ]
419 silly reify mark retired [
419 silly reify   '/Users/earthcake/Documents/e-Training/e-training/node_modules/cssesc',
419 silly reify   '/Users/earthcake/Documents/e-Training/e-training/node_modules/.bin/cssesc'
419 silly reify ]
420 silly reify mark retired [
420 silly reify   '/Users/earthcake/Documents/e-Training/e-training/node_modules/cssnano-preset-simple'
420 silly reify ]
421 silly reify mark retired [
421 silly reify   '/Users/earthcake/Documents/e-Training/e-training/node_modules/cssnano-simple'
421 silly reify ]
422 silly reify mark retired [
422 silly reify   '/Users/earthcake/Documents/e-Training/e-training/node_modules/cyclist'
422 silly reify ]
423 silly reify mark retired [ '/Users/earthcake/Documents/e-Training/e-training/node_modules/d' ]
424 silly reify mark retired [
424 silly reify   '/Users/earthcake/Documents/e-Training/e-training/node_modules/decode-uri-component'
424 silly reify ]
425 silly reify mark retired [
425 silly reify   '/Users/earthcake/Documents/e-Training/e-training/node_modules/defaults'
425 silly reify ]
426 silly reify mark retired [
426 silly reify   '/Users/earthcake/Documents/e-Training/e-training/node_modules/define-property'
426 silly reify ]
427 silly reify mark retired [ '/Users/earthcake/Documents/e-Training/e-training/node_modules/del' ]
428 silly reify mark retired [
428 silly reify   '/Users/earthcake/Documents/e-Training/e-training/node_modules/depd'
428 silly reify ]
429 silly reify mark retired [
429 silly reify   '/Users/earthcake/Documents/e-Training/e-training/node_modules/des.js'
429 silly reify ]
430 silly reify mark retired [
430 silly reify   '/Users/earthcake/Documents/e-Training/e-training/node_modules/destroy'
430 silly reify ]
431 silly reify mark retired [
431 silly reify   '/Users/earthcake/Documents/e-Training/e-training/node_modules/devalue'
431 silly reify ]
432 silly reify mark retired [
432 silly reify   '/Users/earthcake/Documents/e-Training/e-training/node_modules/diffie-hellman'
432 silly reify ]
433 silly reify mark retired [
433 silly reify   '/Users/earthcake/Documents/e-Training/e-training/node_modules/dom-serializer'
433 silly reify ]
434 silly reify mark retired [
434 silly reify   '/Users/earthcake/Documents/e-Training/e-training/node_modules/domain-browser'
434 silly reify ]
435 silly reify mark retired [
435 silly reify   '/Users/earthcake/Documents/e-Training/e-training/node_modules/domelementtype'
435 silly reify ]
436 silly reify mark retired [
436 silly reify   '/Users/earthcake/Documents/e-Training/e-training/node_modules/domhandler'
436 silly reify ]
437 silly reify mark retired [
437 silly reify   '/Users/earthcake/Documents/e-Training/e-training/node_modules/domutils'
437 silly reify ]
438 silly reify mark retired [
438 silly reify   '/Users/earthcake/Documents/e-Training/e-training/node_modules/dot-prop'
438 silly reify ]
439 silly reify mark retired [
439 silly reify   '/Users/earthcake/Documents/e-Training/e-training/node_modules/duplexer'
439 silly reify ]
440 silly reify mark retired [
440 silly reify   '/Users/earthcake/Documents/e-Training/e-training/node_modules/duplexify'
440 silly reify ]
441 silly reify mark retired [
441 silly reify   '/Users/earthcake/Documents/e-Training/e-training/node_modules/ecdsa-sig-formatter'
441 silly reify ]
442 silly reify mark retired [
442 silly reify   '/Users/earthcake/Documents/e-Training/e-training/node_modules/ee-first'
442 silly reify ]
443 silly reify mark retired [
443 silly reify   '/Users/earthcake/Documents/e-Training/e-training/node_modules/elliptic'
443 silly reify ]
444 silly reify mark retired [
444 silly reify   '/Users/earthcake/Documents/e-Training/e-training/node_modules/emojis-list'
444 silly reify ]
445 silly reify mark retired [
445 silly reify   '/Users/earthcake/Documents/e-Training/e-training/node_modules/encodeurl'
445 silly reify ]
446 silly reify mark retired [
446 silly reify   '/Users/earthcake/Documents/e-Training/e-training/node_modules/entities'
446 silly reify ]
447 silly reify mark retired [
447 silly reify   '/Users/earthcake/Documents/e-Training/e-training/node_modules/errno',
447 silly reify   '/Users/earthcake/Documents/e-Training/e-training/node_modules/.bin/errno'
447 silly reify ]
448 silly reify mark retired [
448 silly reify   '/Users/earthcake/Documents/e-Training/e-training/node_modules/es5-ext'
448 silly reify ]
449 silly reify mark retired [
449 silly reify   '/Users/earthcake/Documents/e-Training/e-training/node_modules/es6-iterator'
449 silly reify ]
450 silly reify mark retired [
450 silly reify   '/Users/earthcake/Documents/e-Training/e-training/node_modules/es6-symbol'
450 silly reify ]
451 silly reify mark retired [
451 silly reify   '/Users/earthcake/Documents/e-Training/e-training/node_modules/escape-html'
451 silly reify ]
452 silly reify mark retired [
452 silly reify   '/Users/earthcake/Documents/e-Training/e-training/node_modules/esniff'
452 silly reify ]
453 silly reify mark retired [
453 silly reify   '/Users/earthcake/Documents/e-Training/e-training/node_modules/etag'
453 silly reify ]
454 silly reify mark retired [
454 silly reify   '/Users/earthcake/Documents/e-Training/e-training/node_modules/event-emitter'
454 silly reify ]
455 silly reify mark retired [
455 silly reify   '/Users/earthcake/Documents/e-Training/e-training/node_modules/eventemitter3'
455 silly reify ]
456 silly reify mark retired [
456 silly reify   '/Users/earthcake/Documents/e-Training/e-training/node_modules/events'
456 silly reify ]
457 silly reify mark retired [
457 silly reify   '/Users/earthcake/Documents/e-Training/e-training/node_modules/evp_bytestokey'
457 silly reify ]
458 silly reify mark retired [
458 silly reify   '/Users/earthcake/Documents/e-Training/e-training/node_modules/expand-brackets'
458 silly reify ]
459 silly reify mark retired [ '/Users/earthcake/Documents/e-Training/e-training/node_modules/ext' ]
460 silly reify mark retired [
460 silly reify   '/Users/earthcake/Documents/e-Training/e-training/node_modules/extend-shallow'
460 silly reify ]
461 silly reify mark retired [
461 silly reify   '/Users/earthcake/Documents/e-Training/e-training/node_modules/extglob'
461 silly reify ]
462 silly reify mark retired [
462 silly reify   '/Users/earthcake/Documents/e-Training/e-training/node_modules/figgy-pudding'
462 silly reify ]
463 silly reify mark retired [
463 silly reify   '/Users/earthcake/Documents/e-Training/e-training/node_modules/file-loader'
463 silly reify ]
464 silly reify mark retired [
464 silly reify   '/Users/earthcake/Documents/e-Training/e-training/node_modules/file-uri-to-path'
464 silly reify ]
465 silly reify mark retired [
465 silly reify   '/Users/earthcake/Documents/e-Training/e-training/node_modules/finally-polyfill'
465 silly reify ]
466 silly reify mark retired [
466 silly reify   '/Users/earthcake/Documents/e-Training/e-training/node_modules/find-cache-dir'
466 silly reify ]
467 silly reify mark retired [
467 silly reify   '/Users/earthcake/Documents/e-Training/e-training/node_modules/flatten'
467 silly reify ]
468 silly reify mark retired [
468 silly reify   '/Users/earthcake/Documents/e-Training/e-training/node_modules/flush-write-stream'
468 silly reify ]
469 silly reify mark retired [
469 silly reify   '/Users/earthcake/Documents/e-Training/e-training/node_modules/follow-redirects'
469 silly reify ]
470 silly reify mark retired [
470 silly reify   '/Users/earthcake/Documents/e-Training/e-training/node_modules/for-in'
470 silly reify ]
471 silly reify mark retired [
471 silly reify   '/Users/earthcake/Documents/e-Training/e-training/node_modules/fork-ts-checker-webpack-plugin'
471 silly reify ]
472 silly reify mark retired [
472 silly reify   '/Users/earthcake/Documents/e-Training/e-training/node_modules/fragment-cache'
472 silly reify ]
473 silly reify mark retired [
473 silly reify   '/Users/earthcake/Documents/e-Training/e-training/node_modules/fresh'
473 silly reify ]
474 silly reify mark retired [
474 silly reify   '/Users/earthcake/Documents/e-Training/e-training/node_modules/from2'
474 silly reify ]
475 silly reify mark retired [
475 silly reify   '/Users/earthcake/Documents/e-Training/e-training/node_modules/fs-write-stream-atomic'
475 silly reify ]
476 silly reify mark retired [
476 silly reify   '/Users/earthcake/Documents/e-Training/e-training/node_modules/fs.realpath'
476 silly reify ]
477 silly reify mark retired [
477 silly reify   '/Users/earthcake/Documents/e-Training/e-training/node_modules/fsevents'
477 silly reify ]
478 silly reify mark retired [
478 silly reify   '/Users/earthcake/Documents/e-Training/e-training/node_modules/get-value'
478 silly reify ]
479 silly reify mark retired [
479 silly reify   '/Users/earthcake/Documents/e-Training/e-training/node_modules/glob'
479 silly reify ]
480 silly reify mark retired [
480 silly reify   '/Users/earthcake/Documents/e-Training/e-training/node_modules/glob-to-regexp'
480 silly reify ]
481 silly reify mark retired [
481 silly reify   '/Users/earthcake/Documents/e-Training/e-training/node_modules/globby'
481 silly reify ]
482 silly reify mark retired [
482 silly reify   '/Users/earthcake/Documents/e-Training/e-training/node_modules/gzip-size'
482 silly reify ]
483 silly reify mark retired [ '/Users/earthcake/Documents/e-Training/e-training/node_modules/has' ]
484 silly reify mark retired [
484 silly reify   '/Users/earthcake/Documents/e-Training/e-training/node_modules/has-ansi'
484 silly reify ]
485 silly reify mark retired [
485 silly reify   '/Users/earthcake/Documents/e-Training/e-training/node_modules/has-value'
485 silly reify ]
486 silly reify mark retired [
486 silly reify   '/Users/earthcake/Documents/e-Training/e-training/node_modules/has-values'
486 silly reify ]
487 silly reify mark retired [
487 silly reify   '/Users/earthcake/Documents/e-Training/e-training/node_modules/hash-base'
487 silly reify ]
488 silly reify mark retired [
488 silly reify   '/Users/earthcake/Documents/e-Training/e-training/node_modules/hash.js'
488 silly reify ]
489 silly reify mark retired [
489 silly reify   '/Users/earthcake/Documents/e-Training/e-training/node_modules/hmac-drbg'
489 silly reify ]
490 silly reify mark retired [
490 silly reify   '/Users/earthcake/Documents/e-Training/e-training/node_modules/hosted-git-info'
490 silly reify ]
491 silly reify mark retired [
491 silly reify   '/Users/earthcake/Documents/e-Training/e-training/node_modules/html-entities'
491 silly reify ]
492 silly reify mark retired [
492 silly reify   '/Users/earthcake/Documents/e-Training/e-training/node_modules/htmlparser2'
492 silly reify ]
493 silly reify mark retired [
493 silly reify   '/Users/earthcake/Documents/e-Training/e-training/node_modules/http-errors'
493 silly reify ]
494 silly reify mark retired [
494 silly reify   '/Users/earthcake/Documents/e-Training/e-training/node_modules/http-proxy'
494 silly reify ]
495 silly reify mark retired [
495 silly reify   '/Users/earthcake/Documents/e-Training/e-training/node_modules/https-browserify'
495 silly reify ]
496 silly reify mark retired [
496 silly reify   '/Users/earthcake/Documents/e-Training/e-training/node_modules/iconv-lite'
496 silly reify ]
497 silly reify mark retired [
497 silly reify   '/Users/earthcake/Documents/e-Training/e-training/node_modules/icss-utils'
497 silly reify ]
498 silly reify mark retired [
498 silly reify   '/Users/earthcake/Documents/e-Training/e-training/node_modules/ieee754'
498 silly reify ]
499 silly reify mark retired [
499 silly reify   '/Users/earthcake/Documents/e-Training/e-training/node_modules/iferr'
499 silly reify ]
500 silly reify mark retired [
500 silly reify   '/Users/earthcake/Documents/e-Training/e-training/node_modules/ignore-loader'
500 silly reify ]
501 silly reify mark retired [
501 silly reify   '/Users/earthcake/Documents/e-Training/e-training/node_modules/import-cwd'
501 silly reify ]
502 silly reify mark retired [
502 silly reify   '/Users/earthcake/Documents/e-Training/e-training/node_modules/import-from'
502 silly reify ]
503 silly reify mark retired [
503 silly reify   '/Users/earthcake/Documents/e-Training/e-training/node_modules/indexes-of'
503 silly reify ]
504 silly reify mark retired [
504 silly reify   '/Users/earthcake/Documents/e-Training/e-training/node_modules/infer-owner'
504 silly reify ]
505 silly reify mark retired [
505 silly reify   '/Users/earthcake/Documents/e-Training/e-training/node_modules/inflight'
505 silly reify ]
506 silly reify mark retired [
506 silly reify   '/Users/earthcake/Documents/e-Training/e-training/node_modules/inherits'
506 silly reify ]
507 silly reify mark retired [
507 silly reify   '/Users/earthcake/Documents/e-Training/e-training/node_modules/invariant'
507 silly reify ]
508 silly reify mark retired [
508 silly reify   '/Users/earthcake/Documents/e-Training/e-training/node_modules/is-accessor-descriptor'
508 silly reify ]
509 silly reify mark retired [
509 silly reify   '/Users/earthcake/Documents/e-Training/e-training/node_modules/is-binary-path'
509 silly reify ]
510 silly reify mark retired [
510 silly reify   '/Users/earthcake/Documents/e-Training/e-training/node_modules/is-buffer'
510 silly reify ]
511 silly reify mark retired [
511 silly reify   '/Users/earthcake/Documents/e-Training/e-training/node_modules/is-data-descriptor'
511 silly reify ]
512 silly reify mark retired [
512 silly reify   '/Users/earthcake/Documents/e-Training/e-training/node_modules/is-descriptor'
512 silly reify ]
513 silly reify mark retired [
513 silly reify   '/Users/earthcake/Documents/e-Training/e-training/node_modules/is-directory'
513 silly reify ]
514 silly reify mark retired [
514 silly reify   '/Users/earthcake/Documents/e-Training/e-training/node_modules/is-docker'
514 silly reify ]
515 silly reify mark retired [
515 silly reify   '/Users/earthcake/Documents/e-Training/e-training/node_modules/is-extendable'
515 silly reify ]
516 silly reify mark retired [
516 silly reify   '/Users/earthcake/Documents/e-Training/e-training/node_modules/is-obj'
516 silly reify ]
517 silly reify mark retired [
517 silly reify   '/Users/earthcake/Documents/e-Training/e-training/node_modules/is-path-cwd'
517 silly reify ]
518 silly reify mark retired [
518 silly reify   '/Users/earthcake/Documents/e-Training/e-training/node_modules/is-path-in-cwd'
518 silly reify ]
519 silly reify mark retired [
519 silly reify   '/Users/earthcake/Documents/e-Training/e-training/node_modules/is-path-inside'
519 silly reify ]
520 silly reify mark retired [
520 silly reify   '/Users/earthcake/Documents/e-Training/e-training/node_modules/is-plain-obj'
520 silly reify ]
521 silly reify mark retired [
521 silly reify   '/Users/earthcake/Documents/e-Training/e-training/node_modules/is-plain-object'
521 silly reify ]
522 silly reify mark retired [
522 silly reify   '/Users/earthcake/Documents/e-Training/e-training/node_modules/is-typedarray'
522 silly reify ]
523 silly reify mark retired [
523 silly reify   '/Users/earthcake/Documents/e-Training/e-training/node_modules/is-windows'
523 silly reify ]
524 silly reify mark retired [
524 silly reify   '/Users/earthcake/Documents/e-Training/e-training/node_modules/is-wsl'
524 silly reify ]
525 silly reify mark retired [
525 silly reify   '/Users/earthcake/Documents/e-Training/e-training/node_modules/isobject'
525 silly reify ]
526 silly reify mark retired [
526 silly reify   '/Users/earthcake/Documents/e-Training/e-training/node_modules/jest-worker'
526 silly reify ]
527 silly reify mark retired [
527 silly reify   '/Users/earthcake/Documents/e-Training/e-training/node_modules/js-levenshtein'
527 silly reify ]
528 silly reify mark retired [
528 silly reify   '/Users/earthcake/Documents/e-Training/e-training/node_modules/json-parse-better-errors'
528 silly reify ]
529 silly reify mark retired [
529 silly reify   '/Users/earthcake/Documents/e-Training/e-training/node_modules/json-schema-typed'
529 silly reify ]
530 silly reify mark retired [
530 silly reify   '/Users/earthcake/Documents/e-Training/e-training/node_modules/jsonwebtoken'
530 silly reify ]
531 silly reify mark retired [ '/Users/earthcake/Documents/e-Training/e-training/node_modules/jwa' ]
532 silly reify mark retired [ '/Users/earthcake/Documents/e-Training/e-training/node_modules/jws' ]
533 silly reify mark retired [
533 silly reify   '/Users/earthcake/Documents/e-Training/e-training/node_modules/kind-of'
533 silly reify ]
534 silly reify mark retired [
534 silly reify   '/Users/earthcake/Documents/e-Training/e-training/node_modules/launch-editor'
534 silly reify ]
535 silly reify mark retired [
535 silly reify   '/Users/earthcake/Documents/e-Training/e-training/node_modules/load-json-file'
535 silly reify ]
536 silly reify mark retired [
536 silly reify   '/Users/earthcake/Documents/e-Training/e-training/node_modules/loader-runner'
536 silly reify ]
537 silly reify mark retired [
537 silly reify   '/Users/earthcake/Documents/e-Training/e-training/node_modules/loader-utils'
537 silly reify ]
538 silly reify mark retired [
538 silly reify   '/Users/earthcake/Documents/e-Training/e-training/node_modules/lodash'
538 silly reify ]
539 silly reify mark retired [
539 silly reify   '/Users/earthcake/Documents/e-Training/e-training/node_modules/lodash.curry'
539 silly reify ]
540 silly reify mark retired [
540 silly reify   '/Users/earthcake/Documents/e-Training/e-training/node_modules/lodash.includes'
540 silly reify ]
541 silly reify mark retired [
541 silly reify   '/Users/earthcake/Documents/e-Training/e-training/node_modules/lodash.isboolean'
541 silly reify ]
542 silly reify mark retired [
542 silly reify   '/Users/earthcake/Documents/e-Training/e-training/node_modules/lodash.isinteger'
542 silly reify ]
543 silly reify mark retired [
543 silly reify   '/Users/earthcake/Documents/e-Training/e-training/node_modules/lodash.isnumber'
543 silly reify ]
544 silly reify mark retired [
544 silly reify   '/Users/earthcake/Documents/e-Training/e-training/node_modules/lodash.isplainobject'
544 silly reify ]
545 silly reify mark retired [
545 silly reify   '/Users/earthcake/Documents/e-Training/e-training/node_modules/lodash.isstring'
545 silly reify ]
546 silly reify mark retired [
546 silly reify   '/Users/earthcake/Documents/e-Training/e-training/node_modules/lodash.once'
546 silly reify ]
547 silly reify mark retired [
547 silly reify   '/Users/earthcake/Documents/e-Training/e-training/node_modules/log-symbols'
547 silly reify ]
548 silly reify mark retired [
548 silly reify   '/Users/earthcake/Documents/e-Training/e-training/node_modules/make-dir'
548 silly reify ]
549 silly reify mark retired [
549 silly reify   '/Users/earthcake/Documents/e-Training/e-training/node_modules/mamacro'
549 silly reify ]
550 silly reify mark retired [
550 silly reify   '/Users/earthcake/Documents/e-Training/e-training/node_modules/map-cache'
550 silly reify ]
551 silly reify mark retired [
551 silly reify   '/Users/earthcake/Documents/e-Training/e-training/node_modules/map-visit'
551 silly reify ]
552 silly reify mark retired [
552 silly reify   '/Users/earthcake/Documents/e-Training/e-training/node_modules/md5.js'
552 silly reify ]
553 silly reify mark retired [
553 silly reify   '/Users/earthcake/Documents/e-Training/e-training/node_modules/memory-fs'
553 silly reify ]
554 silly reify mark retired [
554 silly reify   '/Users/earthcake/Documents/e-Training/e-training/node_modules/merge-stream'
554 silly reify ]
555 silly reify mark retired [
555 silly reify   '/Users/earthcake/Documents/e-Training/e-training/node_modules/microevent.ts'
555 silly reify ]
556 silly reify mark retired [
556 silly reify   '/Users/earthcake/Documents/e-Training/e-training/node_modules/miller-rabin',
556 silly reify   '/Users/earthcake/Documents/e-Training/e-training/node_modules/.bin/miller-rabin'
556 silly reify ]
557 silly reify mark retired [
557 silly reify   '/Users/earthcake/Documents/e-Training/e-training/node_modules/mime',
557 silly reify   '/Users/earthcake/Documents/e-Training/e-training/node_modules/.bin/mime'
557 silly reify ]
558 silly reify mark retired [
558 silly reify   '/Users/earthcake/Documents/e-Training/e-training/node_modules/mime-db'
558 silly reify ]
559 silly reify mark retired [
559 silly reify   '/Users/earthcake/Documents/e-Training/e-training/node_modules/mime-types'
559 silly reify ]
560 silly reify mark retired [
560 silly reify   '/Users/earthcake/Documents/e-Training/e-training/node_modules/mimic-fn'
560 silly reify ]
561 silly reify mark retired [
561 silly reify   '/Users/earthcake/Documents/e-Training/e-training/node_modules/mini-css-extract-plugin'
561 silly reify ]
562 silly reify mark retired [
562 silly reify   '/Users/earthcake/Documents/e-Training/e-training/node_modules/minimalistic-assert'
562 silly reify ]
563 silly reify mark retired [
563 silly reify   '/Users/earthcake/Documents/e-Training/e-training/node_modules/minimalistic-crypto-utils'
563 silly reify ]
564 silly reify mark retired [
564 silly reify   '/Users/earthcake/Documents/e-Training/e-training/node_modules/mississippi'
564 silly reify ]
565 silly reify mark retired [
565 silly reify   '/Users/earthcake/Documents/e-Training/e-training/node_modules/mixin-deep'
565 silly reify ]
566 silly reify mark retired [
566 silly reify   '/Users/earthcake/Documents/e-Training/e-training/node_modules/mkdirp',
566 silly reify   '/Users/earthcake/Documents/e-Training/e-training/node_modules/.bin/mkdirp'
566 silly reify ]
567 silly reify mark retired [
567 silly reify   '/Users/earthcake/Documents/e-Training/e-training/node_modules/move-concurrently'
567 silly reify ]
568 silly reify mark retired [ '/Users/earthcake/Documents/e-Training/e-training/node_modules/nan' ]
569 silly reify mark retired [
569 silly reify   '/Users/earthcake/Documents/e-Training/e-training/node_modules/nanomatch'
569 silly reify ]
570 silly reify mark retired [
570 silly reify   '/Users/earthcake/Documents/e-Training/e-training/node_modules/native-url'
570 silly reify ]
571 silly reify mark retired [
571 silly reify   '/Users/earthcake/Documents/e-Training/e-training/node_modules/negotiator'
571 silly reify ]
572 silly reify mark retired [
572 silly reify   '/Users/earthcake/Documents/e-Training/e-training/node_modules/neo-async'
572 silly reify ]
573 silly reify mark retired [
573 silly reify   '/Users/earthcake/Documents/e-Training/e-training/node_modules/next',
573 silly reify   '/Users/earthcake/Documents/e-Training/e-training/node_modules/.bin/next'
573 silly reify ]
574 silly reify mark retired [
574 silly reify   '/Users/earthcake/Documents/e-Training/e-training/node_modules/next-tick'
574 silly reify ]
575 silly reify mark retired [
575 silly reify   '/Users/earthcake/Documents/e-Training/e-training/node_modules/node-fetch'
575 silly reify ]
576 silly reify mark retired [
576 silly reify   '/Users/earthcake/Documents/e-Training/e-training/node_modules/node-libs-browser'
576 silly reify ]
577 silly reify mark retired [
577 silly reify   '/Users/earthcake/Documents/e-Training/e-training/node_modules/normalize-html-whitespace'
577 silly reify ]
578 silly reify mark retired [
578 silly reify   '/Users/earthcake/Documents/e-Training/e-training/node_modules/normalize-package-data'
578 silly reify ]
579 silly reify mark retired [
579 silly reify   '/Users/earthcake/Documents/e-Training/e-training/node_modules/normalize-path'
579 silly reify ]
580 silly reify mark retired [
580 silly reify   '/Users/earthcake/Documents/e-Training/e-training/node_modules/normalize-range'
580 silly reify ]
581 silly reify mark retired [
581 silly reify   '/Users/earthcake/Documents/e-Training/e-training/node_modules/normalize-url'
581 silly reify ]
582 silly reify mark retired [
582 silly reify   '/Users/earthcake/Documents/e-Training/e-training/node_modules/num2fraction'
582 silly reify ]
583 silly reify mark retired [
583 silly reify   '/Users/earthcake/Documents/e-Training/e-training/node_modules/object-copy'
583 silly reify ]
584 silly reify mark retired [
584 silly reify   '/Users/earthcake/Documents/e-Training/e-training/node_modules/object-path'
584 silly reify ]
585 silly reify mark retired [
585 silly reify   '/Users/earthcake/Documents/e-Training/e-training/node_modules/object-visit'
585 silly reify ]
586 silly reify mark retired [
586 silly reify   '/Users/earthcake/Documents/e-Training/e-training/node_modules/object.pick'
586 silly reify ]
587 silly reify mark retired [
587 silly reify   '/Users/earthcake/Documents/e-Training/e-training/node_modules/on-finished'
587 silly reify ]
588 silly reify mark retired [
588 silly reify   '/Users/earthcake/Documents/e-Training/e-training/node_modules/on-headers'
588 silly reify ]
589 silly reify mark retired [
589 silly reify   '/Users/earthcake/Documents/e-Training/e-training/node_modules/onetime'
589 silly reify ]
590 silly reify mark retired [ '/Users/earthcake/Documents/e-Training/e-training/node_modules/ora' ]
591 silly reify mark retired [
591 silly reify   '/Users/earthcake/Documents/e-Training/e-training/node_modules/os-browserify'
591 silly reify ]
592 silly reify mark retired [
592 silly reify   '/Users/earthcake/Documents/e-Training/e-training/node_modules/p-map'
592 silly reify ]
593 silly reify mark retired [
593 silly reify   '/Users/earthcake/Documents/e-Training/e-training/node_modules/p-try'
593 silly reify ]
594 silly reify mark retired [
594 silly reify   '/Users/earthcake/Documents/e-Training/e-training/node_modules/pako'
594 silly reify ]
595 silly reify mark retired [
595 silly reify   '/Users/earthcake/Documents/e-Training/e-training/node_modules/parallel-transform'
595 silly reify ]
596 silly reify mark retired [
596 silly reify   '/Users/earthcake/Documents/e-Training/e-training/node_modules/parse-asn1'
596 silly reify ]
597 silly reify mark retired [
597 silly reify   '/Users/earthcake/Documents/e-Training/e-training/node_modules/pascalcase'
597 silly reify ]
598 silly reify mark retired [
598 silly reify   '/Users/earthcake/Documents/e-Training/e-training/node_modules/path-browserify'
598 silly reify ]
599 silly reify mark retired [
599 silly reify   '/Users/earthcake/Documents/e-Training/e-training/node_modules/path-dirname'
599 silly reify ]
600 silly reify mark retired [
600 silly reify   '/Users/earthcake/Documents/e-Training/e-training/node_modules/path-is-absolute'
600 silly reify ]
601 silly reify mark retired [
601 silly reify   '/Users/earthcake/Documents/e-Training/e-training/node_modules/path-is-inside'
601 silly reify ]
602 silly reify mark retired [
602 silly reify   '/Users/earthcake/Documents/e-Training/e-training/node_modules/path-to-regexp'
602 silly reify ]
603 silly reify mark retired [
603 silly reify   '/Users/earthcake/Documents/e-Training/e-training/node_modules/path-type'
603 silly reify ]
604 silly reify mark retired [
604 silly reify   '/Users/earthcake/Documents/e-Training/e-training/node_modules/pbkdf2'
604 silly reify ]
605 silly reify mark retired [
605 silly reify   '/Users/earthcake/Documents/e-Training/e-training/node_modules/pify'
605 silly reify ]
606 silly reify mark retired [
606 silly reify   '/Users/earthcake/Documents/e-Training/e-training/node_modules/pinkie'
606 silly reify ]
607 silly reify mark retired [
607 silly reify   '/Users/earthcake/Documents/e-Training/e-training/node_modules/pinkie-promise'
607 silly reify ]
608 silly reify mark retired [
608 silly reify   '/Users/earthcake/Documents/e-Training/e-training/node_modules/pkg-dir'
608 silly reify ]
609 silly reify mark retired [
609 silly reify   '/Users/earthcake/Documents/e-Training/e-training/node_modules/pkg-up'
609 silly reify ]
610 silly reify mark retired [
610 silly reify   '/Users/earthcake/Documents/e-Training/e-training/node_modules/pnp-webpack-plugin'
610 silly reify ]
611 silly reify mark retired [
611 silly reify   '/Users/earthcake/Documents/e-Training/e-training/node_modules/posix-character-classes'
611 silly reify ]
612 silly reify mark retired [
612 silly reify   '/Users/earthcake/Documents/e-Training/e-training/node_modules/postcss-attribute-case-insensitive'
612 silly reify ]
613 silly reify mark retired [
613 silly reify   '/Users/earthcake/Documents/e-Training/e-training/node_modules/postcss-color-functional-notation'
613 silly reify ]
614 silly reify mark retired [
614 silly reify   '/Users/earthcake/Documents/e-Training/e-training/node_modules/postcss-color-gray'
614 silly reify ]
615 silly reify mark retired [
615 silly reify   '/Users/earthcake/Documents/e-Training/e-training/node_modules/postcss-color-hex-alpha'
615 silly reify ]
616 silly reify mark retired [
616 silly reify   '/Users/earthcake/Documents/e-Training/e-training/node_modules/postcss-color-mod-function'
616 silly reify ]
617 silly reify mark retired [
617 silly reify   '/Users/earthcake/Documents/e-Training/e-training/node_modules/postcss-color-rebeccapurple'
617 silly reify ]
618 silly reify mark retired [
618 silly reify   '/Users/earthcake/Documents/e-Training/e-training/node_modules/postcss-custom-media'
618 silly reify ]
619 silly reify mark retired [
619 silly reify   '/Users/earthcake/Documents/e-Training/e-training/node_modules/postcss-custom-properties'
619 silly reify ]
620 silly reify mark retired [
620 silly reify   '/Users/earthcake/Documents/e-Training/e-training/node_modules/postcss-custom-selectors'
620 silly reify ]
621 silly reify mark retired [
621 silly reify   '/Users/earthcake/Documents/e-Training/e-training/node_modules/postcss-dir-pseudo-class'
621 silly reify ]
622 silly reify mark retired [
622 silly reify   '/Users/earthcake/Documents/e-Training/e-training/node_modules/postcss-double-position-gradients'
622 silly reify ]
623 silly reify mark retired [
623 silly reify   '/Users/earthcake/Documents/e-Training/e-training/node_modules/postcss-env-function'
623 silly reify ]
624 silly reify mark retired [
624 silly reify   '/Users/earthcake/Documents/e-Training/e-training/node_modules/postcss-flexbugs-fixes'
624 silly reify ]
625 silly reify mark retired [
625 silly reify   '/Users/earthcake/Documents/e-Training/e-training/node_modules/postcss-focus-visible'
625 silly reify ]
626 silly reify mark retired [
626 silly reify   '/Users/earthcake/Documents/e-Training/e-training/node_modules/postcss-focus-within'
626 silly reify ]
627 silly reify mark retired [
627 silly reify   '/Users/earthcake/Documents/e-Training/e-training/node_modules/postcss-font-variant'
627 silly reify ]
628 silly reify mark retired [
628 silly reify   '/Users/earthcake/Documents/e-Training/e-training/node_modules/postcss-gap-properties'
628 silly reify ]
629 silly reify mark retired [
629 silly reify   '/Users/earthcake/Documents/e-Training/e-training/node_modules/postcss-image-set-function'
629 silly reify ]
630 silly reify mark retired [
630 silly reify   '/Users/earthcake/Documents/e-Training/e-training/node_modules/postcss-initial'
630 silly reify ]
631 silly reify mark retired [
631 silly reify   '/Users/earthcake/Documents/e-Training/e-training/node_modules/postcss-lab-function'
631 silly reify ]
632 silly reify mark retired [
632 silly reify   '/Users/earthcake/Documents/e-Training/e-training/node_modules/postcss-load-config'
632 silly reify ]
633 silly reify mark retired [
633 silly reify   '/Users/earthcake/Documents/e-Training/e-training/node_modules/postcss-loader'
633 silly reify ]
634 silly reify mark retired [
634 silly reify   '/Users/earthcake/Documents/e-Training/e-training/node_modules/postcss-logical'
634 silly reify ]
635 silly reify mark retired [
635 silly reify   '/Users/earthcake/Documents/e-Training/e-training/node_modules/postcss-media-minmax'
635 silly reify ]
636 silly reify mark retired [
636 silly reify   '/Users/earthcake/Documents/e-Training/e-training/node_modules/postcss-modules-extract-imports'
636 silly reify ]
637 silly reify mark retired [
637 silly reify   '/Users/earthcake/Documents/e-Training/e-training/node_modules/postcss-modules-local-by-default'
637 silly reify ]
638 silly reify mark retired [
638 silly reify   '/Users/earthcake/Documents/e-Training/e-training/node_modules/postcss-modules-scope'
638 silly reify ]
639 silly reify mark retired [
639 silly reify   '/Users/earthcake/Documents/e-Training/e-training/node_modules/postcss-modules-values'
639 silly reify ]
640 silly reify mark retired [
640 silly reify   '/Users/earthcake/Documents/e-Training/e-training/node_modules/postcss-nesting'
640 silly reify ]
641 silly reify mark retired [
641 silly reify   '/Users/earthcake/Documents/e-Training/e-training/node_modules/postcss-overflow-shorthand'
641 silly reify ]
642 silly reify mark retired [
642 silly reify   '/Users/earthcake/Documents/e-Training/e-training/node_modules/postcss-page-break'
642 silly reify ]
643 silly reify mark retired [
643 silly reify   '/Users/earthcake/Documents/e-Training/e-training/node_modules/postcss-place'
643 silly reify ]
644 silly reify mark retired [
644 silly reify   '/Users/earthcake/Documents/e-Training/e-training/node_modules/postcss-preset-env'
644 silly reify ]
645 silly reify mark retired [
645 silly reify   '/Users/earthcake/Documents/e-Training/e-training/node_modules/postcss-pseudo-class-any-link'
645 silly reify ]
646 silly reify mark retired [
646 silly reify   '/Users/earthcake/Documents/e-Training/e-training/node_modules/postcss-replace-overflow-wrap'
646 silly reify ]
647 silly reify mark retired [
647 silly reify   '/Users/earthcake/Documents/e-Training/e-training/node_modules/postcss-selector-matches'
647 silly reify ]
648 silly reify mark retired [
648 silly reify   '/Users/earthcake/Documents/e-Training/e-training/node_modules/postcss-selector-not'
648 silly reify ]
649 silly reify mark retired [
649 silly reify   '/Users/earthcake/Documents/e-Training/e-training/node_modules/postcss-selector-parser'
649 silly reify ]
650 silly reify mark retired [
650 silly reify   '/Users/earthcake/Documents/e-Training/e-training/node_modules/postcss-value-parser'
650 silly reify ]
651 silly reify mark retired [
651 silly reify   '/Users/earthcake/Documents/e-Training/e-training/node_modules/postcss-values-parser'
651 silly reify ]
652 silly reify mark retired [
652 silly reify   '/Users/earthcake/Documents/e-Training/e-training/node_modules/prepend-http'
652 silly reify ]
653 silly reify mark retired [
653 silly reify   '/Users/earthcake/Documents/e-Training/e-training/node_modules/private'
653 silly reify ]
654 silly reify mark retired [
654 silly reify   '/Users/earthcake/Documents/e-Training/e-training/node_modules/process'
654 silly reify ]
655 silly reify mark retired [
655 silly reify   '/Users/earthcake/Documents/e-Training/e-training/node_modules/process-nextick-args'
655 silly reify ]
656 silly reify mark retired [
656 silly reify   '/Users/earthcake/Documents/e-Training/e-training/node_modules/promise'
656 silly reify ]
657 silly reify mark retired [
657 silly reify   '/Users/earthcake/Documents/e-Training/e-training/node_modules/promise-inflight'
657 silly reify ]
658 silly reify mark retired [
658 silly reify   '/Users/earthcake/Documents/e-Training/e-training/node_modules/prop-types-exact'
658 silly reify ]
659 silly reify mark retired [ '/Users/earthcake/Documents/e-Training/e-training/node_modules/prr' ]
660 silly reify mark retired [
660 silly reify   '/Users/earthcake/Documents/e-Training/e-training/node_modules/public-encrypt'
660 silly reify ]
661 silly reify mark retired [
661 silly reify   '/Users/earthcake/Documents/e-Training/e-training/node_modules/pumpify'
661 silly reify ]
662 silly reify mark retired [
662 silly reify   '/Users/earthcake/Documents/e-Training/e-training/node_modules/query-string'
662 silly reify ]
663 silly reify mark retired [
663 silly reify   '/Users/earthcake/Documents/e-Training/e-training/node_modules/querystring'
663 silly reify ]
664 silly reify mark retired [
664 silly reify   '/Users/earthcake/Documents/e-Training/e-training/node_modules/querystring-es3'
664 silly reify ]
665 silly reify mark retired [
665 silly reify   '/Users/earthcake/Documents/e-Training/e-training/node_modules/randombytes'
665 silly reify ]
666 silly reify mark retired [
666 silly reify   '/Users/earthcake/Documents/e-Training/e-training/node_modules/randomfill'
666 silly reify ]
667 silly reify mark retired [
667 silly reify   '/Users/earthcake/Documents/e-Training/e-training/node_modules/range-parser'
667 silly reify ]
668 silly reify mark retired [
668 silly reify   '/Users/earthcake/Documents/e-Training/e-training/node_modules/raw-body'
668 silly reify ]
669 silly reify mark retired [
669 silly reify   '/Users/earthcake/Documents/e-Training/e-training/node_modules/react-error-overlay'
669 silly reify ]
670 silly reify mark retired [
670 silly reify   '/Users/earthcake/Documents/e-Training/e-training/node_modules/read-pkg'
670 silly reify ]
671 silly reify mark retired [
671 silly reify   '/Users/earthcake/Documents/e-Training/e-training/node_modules/readable-stream'
671 silly reify ]
672 silly reify mark retired [
672 silly reify   '/Users/earthcake/Documents/e-Training/e-training/node_modules/recast'
672 silly reify ]
673 silly reify mark retired [
673 silly reify   '/Users/earthcake/Documents/e-Training/e-training/node_modules/reflect.ownkeys'
673 silly reify ]
674 silly reify mark retired [
674 silly reify   '/Users/earthcake/Documents/e-Training/e-training/node_modules/regenerate'
674 silly reify ]
675 silly reify mark retired [
675 silly reify   '/Users/earthcake/Documents/e-Training/e-training/node_modules/regenerate-unicode-properties'
675 silly reify ]
676 silly reify mark retired [
676 silly reify   '/Users/earthcake/Documents/e-Training/e-training/node_modules/regenerator-runtime'
676 silly reify ]
677 silly reify mark retired [
677 silly reify   '/Users/earthcake/Documents/e-Training/e-training/node_modules/regex-not'
677 silly reify ]
678 silly reify mark retired [
678 silly reify   '/Users/earthcake/Documents/e-Training/e-training/node_modules/regex-parser'
678 silly reify ]
679 silly reify mark retired [
679 silly reify   '/Users/earthcake/Documents/e-Training/e-training/node_modules/regexpu-core'
679 silly reify ]
680 silly reify mark retired [
680 silly reify   '/Users/earthcake/Documents/e-Training/e-training/node_modules/regjsgen'
680 silly reify ]
681 silly reify mark retired [
681 silly reify   '/Users/earthcake/Documents/e-Training/e-training/node_modules/regjsparser',
681 silly reify   '/Users/earthcake/Documents/e-Training/e-training/node_modules/.bin/regjsparser'
681 silly reify ]
682 silly reify mark retired [
682 silly reify   '/Users/earthcake/Documents/e-Training/e-training/node_modules/remove-trailing-separator'
682 silly reify ]
683 silly reify mark retired [
683 silly reify   '/Users/earthcake/Documents/e-Training/e-training/node_modules/repeat-element'
683 silly reify ]
684 silly reify mark retired [
684 silly reify   '/Users/earthcake/Documents/e-Training/e-training/node_modules/repeat-string'
684 silly reify ]
685 silly reify mark retired [
685 silly reify   '/Users/earthcake/Documents/e-Training/e-training/node_modules/requires-port'
685 silly reify ]
686 silly reify mark retired [
686 silly reify   '/Users/earthcake/Documents/e-Training/e-training/node_modules/resolve-url'
686 silly reify ]
687 silly reify mark retired [
687 silly reify   '/Users/earthcake/Documents/e-Training/e-training/node_modules/resolve-url-loader'
687 silly reify ]
688 silly reify mark retired [
688 silly reify   '/Users/earthcake/Documents/e-Training/e-training/node_modules/restore-cursor'
688 silly reify ]
689 silly reify mark retired [ '/Users/earthcake/Documents/e-Training/e-training/node_modules/ret' ]
690 silly reify mark retired [
690 silly reify   '/Users/earthcake/Documents/e-Training/e-training/node_modules/retry'
690 silly reify ]
691 silly reify mark retired [
691 silly reify   '/Users/earthcake/Documents/e-Training/e-training/node_modules/rework'
691 silly reify ]
692 silly reify mark retired [
692 silly reify   '/Users/earthcake/Documents/e-Training/e-training/node_modules/rework-visit'
692 silly reify ]
693 silly reify mark retired [
693 silly reify   '/Users/earthcake/Documents/e-Training/e-training/node_modules/rimraf',
693 silly reify   '/Users/earthcake/Documents/e-Training/e-training/node_modules/.bin/rimraf'
693 silly reify ]
694 silly reify mark retired [
694 silly reify   '/Users/earthcake/Documents/e-Training/e-training/node_modules/ripemd160'
694 silly reify ]
695 silly reify mark retired [
695 silly reify   '/Users/earthcake/Documents/e-Training/e-training/node_modules/run-queue'
695 silly reify ]
696 silly reify mark retired [
696 silly reify   '/Users/earthcake/Documents/e-Training/e-training/node_modules/safe-buffer'
696 silly reify ]
697 silly reify mark retired [
697 silly reify   '/Users/earthcake/Documents/e-Training/e-training/node_modules/safe-regex'
697 silly reify ]
698 silly reify mark retired [
698 silly reify   '/Users/earthcake/Documents/e-Training/e-training/node_modules/safer-buffer'
698 silly reify ]
699 silly reify mark retired [
699 silly reify   '/Users/earthcake/Documents/e-Training/e-training/node_modules/sass-loader'
699 silly reify ]
700 silly reify mark retired [
700 silly reify   '/Users/earthcake/Documents/e-Training/e-training/node_modules/schema-utils'
700 silly reify ]
701 silly reify mark retired [
701 silly reify   '/Users/earthcake/Documents/e-Training/e-training/node_modules/send'
701 silly reify ]
702 silly reify mark retired [
702 silly reify   '/Users/earthcake/Documents/e-Training/e-training/node_modules/serialize-javascript'
702 silly reify ]
703 silly reify mark retired [
703 silly reify   '/Users/earthcake/Documents/e-Training/e-training/node_modules/set-value'
703 silly reify ]
704 silly reify mark retired [
704 silly reify   '/Users/earthcake/Documents/e-Training/e-training/node_modules/setimmediate'
704 silly reify ]
705 silly reify mark retired [
705 silly reify   '/Users/earthcake/Documents/e-Training/e-training/node_modules/setprototypeof'
705 silly reify ]
706 silly reify mark retired [
706 silly reify   '/Users/earthcake/Documents/e-Training/e-training/node_modules/sha.js',
706 silly reify   '/Users/earthcake/Documents/e-Training/e-training/node_modules/.bin/sha.js'
706 silly reify ]
707 silly reify mark retired [
707 silly reify   '/Users/earthcake/Documents/e-Training/e-training/node_modules/shallow-clone'
707 silly reify ]
708 silly reify mark retired [
708 silly reify   '/Users/earthcake/Documents/e-Training/e-training/node_modules/shell-quote'
708 silly reify ]
709 silly reify mark retired [
709 silly reify   '/Users/earthcake/Documents/e-Training/e-training/node_modules/signal-exit'
709 silly reify ]
710 silly reify mark retired [
710 silly reify   '/Users/earthcake/Documents/e-Training/e-training/node_modules/snapdragon'
710 silly reify ]
711 silly reify mark retired [
711 silly reify   '/Users/earthcake/Documents/e-Training/e-training/node_modules/snapdragon-node'
711 silly reify ]
712 silly reify mark retired [
712 silly reify   '/Users/earthcake/Documents/e-Training/e-training/node_modules/snapdragon-util'
712 silly reify ]
713 silly reify mark retired [
713 silly reify   '/Users/earthcake/Documents/e-Training/e-training/node_modules/sort-keys'
713 silly reify ]
714 silly reify mark retired [
714 silly reify   '/Users/earthcake/Documents/e-Training/e-training/node_modules/source-list-map'
714 silly reify ]
715 silly reify mark retired [
715 silly reify   '/Users/earthcake/Documents/e-Training/e-training/node_modules/source-map-resolve'
715 silly reify ]
716 silly reify mark retired [
716 silly reify   '/Users/earthcake/Documents/e-Training/e-training/node_modules/source-map-support'
716 silly reify ]
717 silly reify mark retired [
717 silly reify   '/Users/earthcake/Documents/e-Training/e-training/node_modules/source-map-url'
717 silly reify ]
718 silly reify mark retired [
718 silly reify   '/Users/earthcake/Documents/e-Training/e-training/node_modules/spdx-correct'
718 silly reify ]
719 silly reify mark retired [
719 silly reify   '/Users/earthcake/Documents/e-Training/e-training/node_modules/spdx-exceptions'
719 silly reify ]
720 silly reify mark retired [
720 silly reify   '/Users/earthcake/Documents/e-Training/e-training/node_modules/spdx-expression-parse'
720 silly reify ]
721 silly reify mark retired [
721 silly reify   '/Users/earthcake/Documents/e-Training/e-training/node_modules/spdx-license-ids'
721 silly reify ]
722 silly reify mark retired [
722 silly reify   '/Users/earthcake/Documents/e-Training/e-training/node_modules/split-string'
722 silly reify ]
723 silly reify mark retired [
723 silly reify   '/Users/earthcake/Documents/e-Training/e-training/node_modules/sprintf-js'
723 silly reify ]
724 silly reify mark retired [
724 silly reify   '/Users/earthcake/Documents/e-Training/e-training/node_modules/ssri'
724 silly reify ]
725 silly reify mark retired [
725 silly reify   '/Users/earthcake/Documents/e-Training/e-training/node_modules/static-extend'
725 silly reify ]
726 silly reify mark retired [
726 silly reify   '/Users/earthcake/Documents/e-Training/e-training/node_modules/statuses'
726 silly reify ]
727 silly reify mark retired [
727 silly reify   '/Users/earthcake/Documents/e-Training/e-training/node_modules/stream-browserify'
727 silly reify ]
728 silly reify mark retired [
728 silly reify   '/Users/earthcake/Documents/e-Training/e-training/node_modules/stream-each'
728 silly reify ]
729 silly reify mark retired [
729 silly reify   '/Users/earthcake/Documents/e-Training/e-training/node_modules/stream-http'
729 silly reify ]
730 silly reify mark retired [
730 silly reify   '/Users/earthcake/Documents/e-Training/e-training/node_modules/stream-shift'
730 silly reify ]
731 silly reify mark retired [
731 silly reify   '/Users/earthcake/Documents/e-Training/e-training/node_modules/strict-uri-encode'
731 silly reify ]
732 silly reify mark retired [
732 silly reify   '/Users/earthcake/Documents/e-Training/e-training/node_modules/string_decoder'
732 silly reify ]
733 silly reify mark retired [
733 silly reify   '/Users/earthcake/Documents/e-Training/e-training/node_modules/string-hash'
733 silly reify ]
734 silly reify mark retired [
734 silly reify   '/Users/earthcake/Documents/e-Training/e-training/node_modules/style-loader'
734 silly reify ]
735 silly reify mark retired [
735 silly reify   '/Users/earthcake/Documents/e-Training/e-training/node_modules/stylis'
735 silly reify ]
736 silly reify mark retired [
736 silly reify   '/Users/earthcake/Documents/e-Training/e-training/node_modules/stylis-rule-sheet'
736 silly reify ]
737 silly reify mark retired [
737 silly reify   '/Users/earthcake/Documents/e-Training/e-training/node_modules/terser',
737 silly reify   '/Users/earthcake/Documents/e-Training/e-training/node_modules/.bin/terser'
737 silly reify ]
738 silly reify mark retired [
738 silly reify   '/Users/earthcake/Documents/e-Training/e-training/node_modules/terser-webpack-plugin'
738 silly reify ]
739 silly reify mark retired [
739 silly reify   '/Users/earthcake/Documents/e-Training/e-training/node_modules/thread-loader'
739 silly reify ]
740 silly reify mark retired [
740 silly reify   '/Users/earthcake/Documents/e-Training/e-training/node_modules/through2'
740 silly reify ]
741 silly reify mark retired [
741 silly reify   '/Users/earthcake/Documents/e-Training/e-training/node_modules/timers-browserify'
741 silly reify ]
742 silly reify mark retired [
742 silly reify   '/Users/earthcake/Documents/e-Training/e-training/node_modules/to-arraybuffer'
742 silly reify ]
743 silly reify mark retired [
743 silly reify   '/Users/earthcake/Documents/e-Training/e-training/node_modules/to-buffer'
743 silly reify ]
744 silly reify mark retired [
744 silly reify   '/Users/earthcake/Documents/e-Training/e-training/node_modules/to-fast-properties'
744 silly reify ]
745 silly reify mark retired [
745 silly reify   '/Users/earthcake/Documents/e-Training/e-training/node_modules/to-object-path'
745 silly reify ]
746 silly reify mark retired [
746 silly reify   '/Users/earthcake/Documents/e-Training/e-training/node_modules/to-regex'
746 silly reify ]
747 silly reify mark retired [
747 silly reify   '/Users/earthcake/Documents/e-Training/e-training/node_modules/toidentifier'
747 silly reify ]
748 silly reify mark retired [
748 silly reify   '/Users/earthcake/Documents/e-Training/e-training/node_modules/tr46'
748 silly reify ]
749 silly reify mark retired [
749 silly reify   '/Users/earthcake/Documents/e-Training/e-training/node_modules/traverse'
749 silly reify ]
750 silly reify mark retired [
750 silly reify   '/Users/earthcake/Documents/e-Training/e-training/node_modules/ts-pnp'
750 silly reify ]
751 silly reify mark retired [
751 silly reify   '/Users/earthcake/Documents/e-Training/e-training/node_modules/tty-browserify'
751 silly reify ]
752 silly reify mark retired [
752 silly reify   '/Users/earthcake/Documents/e-Training/e-training/node_modules/type'
752 silly reify ]
753 silly reify mark retired [
753 silly reify   '/Users/earthcake/Documents/e-Training/e-training/node_modules/typedarray'
753 silly reify ]
754 silly reify mark retired [
754 silly reify   '/Users/earthcake/Documents/e-Training/e-training/node_modules/typedarray-to-buffer'
754 silly reify ]
755 silly reify mark retired [
755 silly reify   '/Users/earthcake/Documents/e-Training/e-training/node_modules/unfetch'
755 silly reify ]
756 silly reify mark retired [
756 silly reify   '/Users/earthcake/Documents/e-Training/e-training/node_modules/unicode-canonical-property-names-ecmascript'
756 silly reify ]
757 silly reify mark retired [
757 silly reify   '/Users/earthcake/Documents/e-Training/e-training/node_modules/unicode-match-property-ecmascript'
757 silly reify ]
758 silly reify mark retired [
758 silly reify   '/Users/earthcake/Documents/e-Training/e-training/node_modules/unicode-match-property-value-ecmascript'
758 silly reify ]
759 silly reify mark retired [
759 silly reify   '/Users/earthcake/Documents/e-Training/e-training/node_modules/unicode-property-aliases-ecmascript'
759 silly reify ]
760 silly reify mark retired [
760 silly reify   '/Users/earthcake/Documents/e-Training/e-training/node_modules/union-value'
760 silly reify ]
761 silly reify mark retired [
761 silly reify   '/Users/earthcake/Documents/e-Training/e-training/node_modules/uniq'
761 silly reify ]
762 silly reify mark retired [
762 silly reify   '/Users/earthcake/Documents/e-Training/e-training/node_modules/unique-filename'
762 silly reify ]
763 silly reify mark retired [
763 silly reify   '/Users/earthcake/Documents/e-Training/e-training/node_modules/unique-slug'
763 silly reify ]
764 silly reify mark retired [
764 silly reify   '/Users/earthcake/Documents/e-Training/e-training/node_modules/unpipe'
764 silly reify ]
765 silly reify mark retired [
765 silly reify   '/Users/earthcake/Documents/e-Training/e-training/node_modules/unset-value'
765 silly reify ]
766 silly reify mark retired [
766 silly reify   '/Users/earthcake/Documents/e-Training/e-training/node_modules/upath'
766 silly reify ]
767 silly reify mark retired [
767 silly reify   '/Users/earthcake/Documents/e-Training/e-training/node_modules/urix'
767 silly reify ]
768 silly reify mark retired [ '/Users/earthcake/Documents/e-Training/e-training/node_modules/url' ]
769 silly reify mark retired [ '/Users/earthcake/Documents/e-Training/e-training/node_modules/use' ]
770 silly reify mark retired [
770 silly reify   '/Users/earthcake/Documents/e-Training/e-training/node_modules/util'
770 silly reify ]
771 silly reify mark retired [
771 silly reify   '/Users/earthcake/Documents/e-Training/e-training/node_modules/util-deprecate'
771 silly reify ]
772 silly reify mark retired [
772 silly reify   '/Users/earthcake/Documents/e-Training/e-training/node_modules/validate-npm-package-license'
772 silly reify ]
773 silly reify mark retired [
773 silly reify   '/Users/earthcake/Documents/e-Training/e-training/node_modules/vary'
773 silly reify ]
774 silly reify mark retired [
774 silly reify   '/Users/earthcake/Documents/e-Training/e-training/node_modules/vm-browserify'
774 silly reify ]
775 silly reify mark retired [
775 silly reify   '/Users/earthcake/Documents/e-Training/e-training/node_modules/watchpack'
775 silly reify ]
776 silly reify mark retired [
776 silly reify   '/Users/earthcake/Documents/e-Training/e-training/node_modules/watchpack-chokidar2'
776 silly reify ]
777 silly reify mark retired [
777 silly reify   '/Users/earthcake/Documents/e-Training/e-training/node_modules/wcwidth'
777 silly reify ]
778 silly reify mark retired [
778 silly reify   '/Users/earthcake/Documents/e-Training/e-training/node_modules/webidl-conversions'
778 silly reify ]
779 silly reify mark retired [
779 silly reify   '/Users/earthcake/Documents/e-Training/e-training/node_modules/webpack',
779 silly reify   '/Users/earthcake/Documents/e-Training/e-training/node_modules/.bin/webpack'
779 silly reify ]
780 silly reify mark retired [
780 silly reify   '/Users/earthcake/Documents/e-Training/e-training/node_modules/webpack-dev-middleware'
780 silly reify ]
781 silly reify mark retired [
781 silly reify   '/Users/earthcake/Documents/e-Training/e-training/node_modules/webpack-hot-middleware'
781 silly reify ]
782 silly reify mark retired [
782 silly reify   '/Users/earthcake/Documents/e-Training/e-training/node_modules/webpack-log'
782 silly reify ]
783 silly reify mark retired [
783 silly reify   '/Users/earthcake/Documents/e-Training/e-training/node_modules/webpack-merge'
783 silly reify ]
784 silly reify mark retired [
784 silly reify   '/Users/earthcake/Documents/e-Training/e-training/node_modules/webpack-sources'
784 silly reify ]
785 silly reify mark retired [
785 silly reify   '/Users/earthcake/Documents/e-Training/e-training/node_modules/whatwg-url'
785 silly reify ]
786 silly reify mark retired [
786 silly reify   '/Users/earthcake/Documents/e-Training/e-training/node_modules/worker-farm'
786 silly reify ]
787 silly reify mark retired [
787 silly reify   '/Users/earthcake/Documents/e-Training/e-training/node_modules/worker-rpc'
787 silly reify ]
788 silly reify mark retired [
788 silly reify   '/Users/earthcake/Documents/e-Training/e-training/node_modules/write-file-atomic'
788 silly reify ]
789 silly reify mark retired [
789 silly reify   '/Users/earthcake/Documents/e-Training/e-training/node_modules/xtend'
789 silly reify ]
790 silly reify moves {
790 silly reify   '/Users/earthcake/Documents/e-Training/e-training/node_modules/@ampproject/toolbox-core': '/Users/earthcake/Documents/e-Training/e-training/node_modules/@ampproject/.toolbox-core-jzKyBKyA',
790 silly reify   '/Users/earthcake/Documents/e-Training/e-training/node_modules/@ampproject/toolbox-optimizer': '/Users/earthcake/Documents/e-Training/e-training/node_modules/@ampproject/.toolbox-optimizer-Ylwpkc6K',
790 silly reify   '/Users/earthcake/Documents/e-Training/e-training/node_modules/@ampproject/toolbox-runtime-version': '/Users/earthcake/Documents/e-Training/e-training/node_modules/@ampproject/.toolbox-runtime-version-k5PqI037',
790 silly reify   '/Users/earthcake/Documents/e-Training/e-training/node_modules/@ampproject/toolbox-script-csp': '/Users/earthcake/Documents/e-Training/e-training/node_modules/@ampproject/.toolbox-script-csp-nymsdtPE',
790 silly reify   '/Users/earthcake/Documents/e-Training/e-training/node_modules/@ampproject/toolbox-validator-rules': '/Users/earthcake/Documents/e-Training/e-training/node_modules/@ampproject/.toolbox-validator-rules-6JGseH7h',
790 silly reify   '/Users/earthcake/Documents/e-Training/e-training/node_modules/@babel/helper-annotate-as-pure': '/Users/earthcake/Documents/e-Training/e-training/node_modules/@babel/.helper-annotate-as-pure-l2MQyVzT',
790 silly reify   '/Users/earthcake/Documents/e-Training/e-training/node_modules/@babel/helper-create-class-features-plugin': '/Users/earthcake/Documents/e-Training/e-training/node_modules/@babel/.helper-create-class-features-plugin-9SbvWfiB',
790 silly reify   '/Users/earthcake/Documents/e-Training/e-training/node_modules/@babel/helper-create-regexp-features-plugin': '/Users/earthcake/Documents/e-Training/e-training/node_modules/@babel/.helper-create-regexp-features-plugin-MyGztkGy',
790 silly reify   '/Users/earthcake/Documents/e-Training/e-training/node_modules/@babel/helper-environment-visitor': '/Users/earthcake/Documents/e-Training/e-training/node_modules/@babel/.helper-environment-visitor-5sSnL0zq',
790 silly reify   '/Users/earthcake/Documents/e-Training/e-training/node_modules/@babel/helper-member-expression-to-functions': '/Users/earthcake/Documents/e-Training/e-training/node_modules/@babel/.helper-member-expression-to-functions-frsexlb9',
790 silly reify   '/Users/earthcake/Documents/e-Training/e-training/node_modules/@babel/helper-optimise-call-expression': '/Users/earthcake/Documents/e-Training/e-training/node_modules/@babel/.helper-optimise-call-expression-eYGjtJM7',
790 silly reify   '/Users/earthcake/Documents/e-Training/e-training/node_modules/@babel/helper-plugin-utils': '/Users/earthcake/Documents/e-Training/e-training/node_modules/@babel/.helper-plugin-utils-8H5Dezlh',
790 silly reify   '/Users/earthcake/Documents/e-Training/e-training/node_modules/@babel/helper-remap-async-to-generator': '/Users/earthcake/Documents/e-Training/e-training/node_modules/@babel/.helper-remap-async-to-generator-W2ZLRSyg',
790 silly reify   '/Users/earthcake/Documents/e-Training/e-training/node_modules/@babel/helper-replace-supers': '/Users/earthcake/Documents/e-Training/e-training/node_modules/@babel/.helper-replace-supers-iyYJ8QN8',
790 silly reify   '/Users/earthcake/Documents/e-Training/e-training/node_modules/@babel/helper-simple-access': '/Users/earthcake/Documents/e-Training/e-training/node_modules/@babel/.helper-simple-access-cfQwbj3e',
790 silly reify   '/Users/earthcake/Documents/e-Training/e-training/node_modules/@babel/helper-skip-transparent-expression-wrappers': '/Users/earthcake/Documents/e-Training/e-training/node_modules/@babel/.helper-skip-transparent-expression-wrappers-TviLWDJi',
790 silly reify   '/Users/earthcake/Documents/e-Training/e-training/node_modules/@babel/helper-wrap-function': '/Users/earthcake/Documents/e-Training/e-training/node_modules/@babel/.helper-wrap-function-X03oetFf',
790 silly reify   '/Users/earthcake/Documents/e-Training/e-training/node_modules/@babel/plugin-proposal-async-generator-functions': '/Users/earthcake/Documents/e-Training/e-training/node_modules/@babel/.plugin-proposal-async-generator-functions-bzkFu0uc',
790 silly reify   '/Users/earthcake/Documents/e-Training/e-training/node_modules/@babel/plugin-proposal-class-properties': '/Users/earthcake/Documents/e-Training/e-training/node_modules/@babel/.plugin-proposal-class-properties-jCEa8oFR',
790 silly reify   '/Users/earthcake/Documents/e-Training/e-training/node_modules/@babel/plugin-proposal-dynamic-import': '/Users/earthcake/Documents/e-Training/e-training/node_modules/@babel/.plugin-proposal-dynamic-import-2uLD60XU',
790 silly reify   '/Users/earthcake/Documents/e-Training/e-training/node_modules/@babel/plugin-proposal-json-strings': '/Users/earthcake/Documents/e-Training/e-training/node_modules/@babel/.plugin-proposal-json-strings-2dr5O5Td',
790 silly reify   '/Users/earthcake/Documents/e-Training/e-training/node_modules/@babel/plugin-proposal-nullish-coalescing-operator': '/Users/earthcake/Documents/e-Training/e-training/node_modules/@babel/.plugin-proposal-nullish-coalescing-operator-7K5ZYCzp',
790 silly reify   '/Users/earthcake/Documents/e-Training/e-training/node_modules/@babel/plugin-proposal-numeric-separator': '/Users/earthcake/Documents/e-Training/e-training/node_modules/@babel/.plugin-proposal-numeric-separator-QaCWrbX5',
790 silly reify   '/Users/earthcake/Documents/e-Training/e-training/node_modules/@babel/plugin-proposal-object-rest-spread': '/Users/earthcake/Documents/e-Training/e-training/node_modules/@babel/.plugin-proposal-object-rest-spread-i734LTUZ',
790 silly reify   '/Users/earthcake/Documents/e-Training/e-training/node_modules/@babel/plugin-proposal-optional-catch-binding': '/Users/earthcake/Documents/e-Training/e-training/node_modules/@babel/.plugin-proposal-optional-catch-binding-2R7VCLPG',
790 silly reify   '/Users/earthcake/Documents/e-Training/e-training/node_modules/@babel/plugin-proposal-optional-chaining': '/Users/earthcake/Documents/e-Training/e-training/node_modules/@babel/.plugin-proposal-optional-chaining-YM2PIa7t',
790 silly reify   '/Users/earthcake/Documents/e-Training/e-training/node_modules/@babel/plugin-proposal-unicode-property-regex': '/Users/earthcake/Documents/e-Training/e-training/node_modules/@babel/.plugin-proposal-unicode-property-regex-01olm9yw',
790 silly reify   '/Users/earthcake/Documents/e-Training/e-training/node_modules/@babel/plugin-syntax-async-generators': '/Users/earthcake/Documents/e-Training/e-training/node_modules/@babel/.plugin-syntax-async-generators-6PwZQsnb',
790 silly reify   '/Users/earthcake/Documents/e-Training/e-training/node_modules/@babel/plugin-syntax-bigint': '/Users/earthcake/Documents/e-Training/e-training/node_modules/@babel/.plugin-syntax-bigint-LLB0PdcI',
790 silly reify   '/Users/earthcake/Documents/e-Training/e-training/node_modules/@babel/plugin-syntax-dynamic-import': '/Users/earthcake/Documents/e-Training/e-training/node_modules/@babel/.plugin-syntax-dynamic-import-VleUMoCV',
790 silly reify   '/Users/earthcake/Documents/e-Training/e-training/node_modules/@babel/plugin-syntax-json-strings': '/Users/earthcake/Documents/e-Training/e-training/node_modules/@babel/.plugin-syntax-json-strings-BbVgbNDg',
790 silly reify   '/Users/earthcake/Documents/e-Training/e-training/node_modules/@babel/plugin-syntax-jsx': '/Users/earthcake/Documents/e-Training/e-training/node_modules/@babel/.plugin-syntax-jsx-h7VL6aXF',
790 silly reify   '/Users/earthcake/Documents/e-Training/e-training/node_modules/@babel/plugin-syntax-nullish-coalescing-operator': '/Users/earthcake/Documents/e-Training/e-training/node_modules/@babel/.plugin-syntax-nullish-coalescing-operator-vCPlvjjx',
790 silly reify   '/Users/earthcake/Documents/e-Training/e-training/node_modules/@babel/plugin-syntax-numeric-separator': '/Users/earthcake/Documents/e-Training/e-training/node_modules/@babel/.plugin-syntax-numeric-separator-OE8kojcQ',
790 silly reify   '/Users/earthcake/Documents/e-Training/e-training/node_modules/@babel/plugin-syntax-object-rest-spread': '/Users/earthcake/Documents/e-Training/e-training/node_modules/@babel/.plugin-syntax-object-rest-spread-wJkIRlNK',
790 silly reify   '/Users/earthcake/Documents/e-Training/e-training/node_modules/@babel/plugin-syntax-optional-catch-binding': '/Users/earthcake/Documents/e-Training/e-training/node_modules/@babel/.plugin-syntax-optional-catch-binding-hVuaX6bt',
790 silly reify   '/Users/earthcake/Documents/e-Training/e-training/node_modules/@babel/plugin-syntax-optional-chaining': '/Users/earthcake/Documents/e-Training/e-training/node_modules/@babel/.plugin-syntax-optional-chaining-b9uZENHK',
790 silly reify   '/Users/earthcake/Documents/e-Training/e-training/node_modules/@babel/plugin-syntax-top-level-await': '/Users/earthcake/Documents/e-Training/e-training/node_modules/@babel/.plugin-syntax-top-level-await-FrRk184o',
790 silly reify   '/Users/earthcake/Documents/e-Training/e-training/node_modules/@babel/plugin-syntax-typescript': '/Users/earthcake/Documents/e-Training/e-training/node_modules/@babel/.plugin-syntax-typescript-QwoymHfW',
790 silly reify   '/Users/earthcake/Documents/e-Training/e-training/node_modules/@babel/plugin-transform-arrow-functions': '/Users/earthcake/Documents/e-Training/e-training/node_modules/@babel/.plugin-transform-arrow-functions-hRii7Yul',
790 silly reify   '/Users/earthcake/Documents/e-Training/e-training/node_modules/@babel/plugin-transform-async-to-generator': '/Users/earthcake/Documents/e-Training/e-training/node_modules/@babel/.plugin-transform-async-to-generator-l72pljpU',
790 silly reify   '/Users/earthcake/Documents/e-Training/e-training/node_modules/@babel/plugin-transform-block-scoped-functions': '/Users/earthcake/Documents/e-Training/e-training/node_modules/@babel/.plugin-transform-block-scoped-functions-bvfZosAT',
790 silly reify   '/Users/earthcake/Documents/e-Training/e-training/node_modules/@babel/plugin-transform-block-scoping': '/Users/earthcake/Documents/e-Training/e-training/node_modules/@babel/.plugin-transform-block-scoping-pRH6BdIy',
790 silly reify   '/Users/earthcake/Documents/e-Training/e-training/node_modules/@babel/plugin-transform-classes': '/Users/earthcake/Documents/e-Training/e-training/node_modules/@babel/.plugin-transform-classes-VoIihrSn',
790 silly reify   '/Users/earthcake/Documents/e-Training/e-training/node_modules/@babel/plugin-transform-computed-properties': '/Users/earthcake/Documents/e-Training/e-training/node_modules/@babel/.plugin-transform-computed-properties-MadjDCt1',
790 silly reify   '/Users/earthcake/Documents/e-Training/e-training/node_modules/@babel/plugin-transform-destructuring': '/Users/earthcake/Documents/e-Training/e-training/node_modules/@babel/.plugin-transform-destructuring-0rotwh7M',
790 silly reify   '/Users/earthcake/Documents/e-Training/e-training/node_modules/@babel/plugin-transform-dotall-regex': '/Users/earthcake/Documents/e-Training/e-training/node_modules/@babel/.plugin-transform-dotall-regex-H7sfThXh',
790 silly reify   '/Users/earthcake/Documents/e-Training/e-training/node_modules/@babel/plugin-transform-duplicate-keys': '/Users/earthcake/Documents/e-Training/e-training/node_modules/@babel/.plugin-transform-duplicate-keys-6hvYK38Y',
790 silly reify   '/Users/earthcake/Documents/e-Training/e-training/node_modules/@babel/plugin-transform-exponentiation-operator': '/Users/earthcake/Documents/e-Training/e-training/node_modules/@babel/.plugin-transform-exponentiation-operator-BhckkiFv',
790 silly reify   '/Users/earthcake/Documents/e-Training/e-training/node_modules/@babel/plugin-transform-for-of': '/Users/earthcake/Documents/e-Training/e-training/node_modules/@babel/.plugin-transform-for-of-Zdij46fi',
790 silly reify   '/Users/earthcake/Documents/e-Training/e-training/node_modules/@babel/plugin-transform-function-name': '/Users/earthcake/Documents/e-Training/e-training/node_modules/@babel/.plugin-transform-function-name-XjZw5bRp',
790 silly reify   '/Users/earthcake/Documents/e-Training/e-training/node_modules/@babel/plugin-transform-literals': '/Users/earthcake/Documents/e-Training/e-training/node_modules/@babel/.plugin-transform-literals-iwb2GjCU',
790 silly reify   '/Users/earthcake/Documents/e-Training/e-training/node_modules/@babel/plugin-transform-member-expression-literals': '/Users/earthcake/Documents/e-Training/e-training/node_modules/@babel/.plugin-transform-member-expression-literals-V8hG9vIP',
790 silly reify   '/Users/earthcake/Documents/e-Training/e-training/node_modules/@babel/plugin-transform-modules-amd': '/Users/earthcake/Documents/e-Training/e-training/node_modules/@babel/.plugin-transform-modules-amd-jaHwQC3o',
790 silly reify   '/Users/earthcake/Documents/e-Training/e-training/node_modules/@babel/plugin-transform-modules-commonjs': '/Users/earthcake/Documents/e-Training/e-training/node_modules/@babel/.plugin-transform-modules-commonjs-aAY40RKw',
790 silly reify   '/Users/earthcake/Documents/e-Training/e-training/node_modules/@babel/plugin-transform-modules-systemjs': '/Users/earthcake/Documents/e-Training/e-training/node_modules/@babel/.plugin-transform-modules-systemjs-q4uaA7Wv',
790 silly reify   '/Users/earthcake/Documents/e-Training/e-training/node_modules/@babel/plugin-transform-modules-umd': '/Users/earthcake/Documents/e-Training/e-training/node_modules/@babel/.plugin-transform-modules-umd-SuHGWF6b',
790 silly reify   '/Users/earthcake/Documents/e-Training/e-training/node_modules/@babel/plugin-transform-named-capturing-groups-regex': '/Users/earthcake/Documents/e-Training/e-training/node_modules/@babel/.plugin-transform-named-capturing-groups-regex-HIZVoeYe',
790 silly reify   '/Users/earthcake/Documents/e-Training/e-training/node_modules/@babel/plugin-transform-new-target': '/Users/earthcake/Documents/e-Training/e-training/node_modules/@babel/.plugin-transform-new-target-2H0WDtUr',
790 silly reify   '/Users/earthcake/Documents/e-Training/e-training/node_modules/@babel/plugin-transform-object-super': '/Users/earthcake/Documents/e-Training/e-training/node_modules/@babel/.plugin-transform-object-super-2uuxVqSu',
790 silly reify   '/Users/earthcake/Documents/e-Training/e-training/node_modules/@babel/plugin-transform-parameters': '/Users/earthcake/Documents/e-Training/e-training/node_modules/@babel/.plugin-transform-parameters-P2D31D4V',
790 silly reify   '/Users/earthcake/Documents/e-Training/e-training/node_modules/@babel/plugin-transform-property-literals': '/Users/earthcake/Documents/e-Training/e-training/node_modules/@babel/.plugin-transform-property-literals-KXwWSR24',
790 silly reify   '/Users/earthcake/Documents/e-Training/e-training/node_modules/@babel/plugin-transform-react-display-name': '/Users/earthcake/Documents/e-Training/e-training/node_modules/@babel/.plugin-transform-react-display-name-nQ9gOgbp',
790 silly reify   '/Users/earthcake/Documents/e-Training/e-training/node_modules/@babel/plugin-transform-react-jsx': '/Users/earthcake/Documents/e-Training/e-training/node_modules/@babel/.plugin-transform-react-jsx-89HHmD1H',
790 silly reify   '/Users/earthcake/Documents/e-Training/e-training/node_modules/@babel/plugin-transform-react-jsx-self': '/Users/earthcake/Documents/e-Training/e-training/node_modules/@babel/.plugin-transform-react-jsx-self-XXUlQyUD',
790 silly reify   '/Users/earthcake/Documents/e-Training/e-training/node_modules/@babel/plugin-transform-react-jsx-source': '/Users/earthcake/Documents/e-Training/e-training/node_modules/@babel/.plugin-transform-react-jsx-source-oIhmReYr',
790 silly reify   '/Users/earthcake/Documents/e-Training/e-training/node_modules/@babel/plugin-transform-regenerator': '/Users/earthcake/Documents/e-Training/e-training/node_modules/@babel/.plugin-transform-regenerator-72hPjoGR',
790 silly reify   '/Users/earthcake/Documents/e-Training/e-training/node_modules/@babel/plugin-transform-reserved-words': '/Users/earthcake/Documents/e-Training/e-training/node_modules/@babel/.plugin-transform-reserved-words-v4dkwil5',
790 silly reify   '/Users/earthcake/Documents/e-Training/e-training/node_modules/@babel/plugin-transform-runtime': '/Users/earthcake/Documents/e-Training/e-training/node_modules/@babel/.plugin-transform-runtime-RGYrDXDX',
790 silly reify   '/Users/earthcake/Documents/e-Training/e-training/node_modules/@babel/plugin-transform-shorthand-properties': '/Users/earthcake/Documents/e-Training/e-training/node_modules/@babel/.plugin-transform-shorthand-properties-axdiunto',
790 silly reify   '/Users/earthcake/Documents/e-Training/e-training/node_modules/@babel/plugin-transform-spread': '/Users/earthcake/Documents/e-Training/e-training/node_modules/@babel/.plugin-transform-spread-kXSvxgKx',
790 silly reify   '/Users/earthcake/Documents/e-Training/e-training/node_modules/@babel/plugin-transform-sticky-regex': '/Users/earthcake/Documents/e-Training/e-training/node_modules/@babel/.plugin-transform-sticky-regex-lPPwuoQV',
790 silly reify   '/Users/earthcake/Documents/e-Training/e-training/node_modules/@babel/plugin-transform-template-literals': '/Users/earthcake/Documents/e-Training/e-training/node_modules/@babel/.plugin-transform-template-literals-5r68UnFt',
790 silly reify   '/Users/earthcake/Documents/e-Training/e-training/node_modules/@babel/plugin-transform-typeof-symbol': '/Users/earthcake/Documents/e-Training/e-training/node_modules/@babel/.plugin-transform-typeof-symbol-zMqKZjzA',
790 silly reify   '/Users/earthcake/Documents/e-Training/e-training/node_modules/@babel/plugin-transform-typescript': '/Users/earthcake/Documents/e-Training/e-training/node_modules/@babel/.plugin-transform-typescript-RGwRzHNF',
790 silly reify   '/Users/earthcake/Documents/e-Training/e-training/node_modules/@babel/plugin-transform-unicode-regex': '/Users/earthcake/Documents/e-Training/e-training/node_modules/@babel/.plugin-transform-unicode-regex-toszMMPS',
790 silly reify   '/Users/earthcake/Documents/e-Training/e-training/node_modules/@babel/preset-env': '/Users/earthcake/Documents/e-Training/e-training/node_modules/@babel/.preset-env-0c6b20ak',
790 silly reify   '/Users/earthcake/Documents/e-Training/e-training/node_modules/@babel/preset-modules': '/Users/earthcake/Documents/e-Training/e-training/node_modules/@babel/.preset-modules-ALLxGVWU',
790 silly reify   '/Users/earthcake/Documents/e-Training/e-training/node_modules/@babel/preset-react': '/Users/earthcake/Documents/e-Training/e-training/node_modules/@babel/.preset-react-iyy5j17B',
790 silly reify   '/Users/earthcake/Documents/e-Training/e-training/node_modules/@babel/preset-typescript': '/Users/earthcake/Documents/e-Training/e-training/node_modules/@babel/.preset-typescript-qqTAEzgR',
790 silly reify   '/Users/earthcake/Documents/e-Training/e-training/node_modules/@csstools/convert-colors': '/Users/earthcake/Documents/e-Training/e-training/node_modules/@csstools/.convert-colors-6leDsOA7',
790 silly reify   '/Users/earthcake/Documents/e-Training/e-training/node_modules/@next/polyfill-nomodule': '/Users/earthcake/Documents/e-Training/e-training/node_modules/@next/.polyfill-nomodule-4HoHfF2e',
790 silly reify   '/Users/earthcake/Documents/e-Training/e-training/node_modules/@webassemblyjs/ast': '/Users/earthcake/Documents/e-Training/e-training/node_modules/@webassemblyjs/.ast-duJEIliS',
790 silly reify   '/Users/earthcake/Documents/e-Training/e-training/node_modules/@webassemblyjs/floating-point-hex-parser': '/Users/earthcake/Documents/e-Training/e-training/node_modules/@webassemblyjs/.floating-point-hex-parser-ROoUMFlG',
790 silly reify   '/Users/earthcake/Documents/e-Training/e-training/node_modules/@webassemblyjs/helper-api-error': '/Users/earthcake/Documents/e-Training/e-training/node_modules/@webassemblyjs/.helper-api-error-cSpC188j',
790 silly reify   '/Users/earthcake/Documents/e-Training/e-training/node_modules/@webassemblyjs/helper-buffer': '/Users/earthcake/Documents/e-Training/e-training/node_modules/@webassemblyjs/.helper-buffer-Z0iT1ozL',
790 silly reify   '/Users/earthcake/Documents/e-Training/e-training/node_modules/@webassemblyjs/helper-code-frame': '/Users/earthcake/Documents/e-Training/e-training/node_modules/@webassemblyjs/.helper-code-frame-fnNtyiIM',
790 silly reify   '/Users/earthcake/Documents/e-Training/e-training/node_modules/@webassemblyjs/helper-fsm': '/Users/earthcake/Documents/e-Training/e-training/node_modules/@webassemblyjs/.helper-fsm-dRpUC7T5',
790 silly reify   '/Users/earthcake/Documents/e-Training/e-training/node_modules/@webassemblyjs/helper-module-context': '/Users/earthcake/Documents/e-Training/e-training/node_modules/@webassemblyjs/.helper-module-context-O7q1kvIO',
790 silly reify   '/Users/earthcake/Documents/e-Training/e-training/node_modules/@webassemblyjs/helper-wasm-bytecode': '/Users/earthcake/Documents/e-Training/e-training/node_modules/@webassemblyjs/.helper-wasm-bytecode-m2v7avG0',
790 silly reify   '/Users/earthcake/Documents/e-Training/e-training/node_modules/@webassemblyjs/helper-wasm-section': '/Users/earthcake/Documents/e-Training/e-training/node_modules/@webassemblyjs/.helper-wasm-section-yPwyWdR7',
790 silly reify   '/Users/earthcake/Documents/e-Training/e-training/node_modules/@webassemblyjs/ieee754': '/Users/earthcake/Documents/e-Training/e-training/node_modules/@webassemblyjs/.ieee754-igHsZfqI',
790 silly reify   '/Users/earthcake/Documents/e-Training/e-training/node_modules/@webassemblyjs/leb128': '/Users/earthcake/Documents/e-Training/e-training/node_modules/@webassemblyjs/.leb128-kWujY2IN',
790 silly reify   '/Users/earthcake/Documents/e-Training/e-training/node_modules/@webassemblyjs/utf8': '/Users/earthcake/Documents/e-Training/e-training/node_modules/@webassemblyjs/.utf8-6pYukghp',
790 silly reify   '/Users/earthcake/Documents/e-Training/e-training/node_modules/@webassemblyjs/wasm-edit': '/Users/earthcake/Documents/e-Training/e-training/node_modules/@webassemblyjs/.wasm-edit-Q6vjm3Dz',
790 silly reify   '/Users/earthcake/Documents/e-Training/e-training/node_modules/@webassemblyjs/wasm-gen': '/Users/earthcake/Documents/e-Training/e-training/node_modules/@webassemblyjs/.wasm-gen-kc6kOUQf',
790 silly reify   '/Users/earthcake/Documents/e-Training/e-training/node_modules/@webassemblyjs/wasm-opt': '/Users/earthcake/Documents/e-Training/e-training/node_modules/@webassemblyjs/.wasm-opt-xpS9zUwq',
790 silly reify   '/Users/earthcake/Documents/e-Training/e-training/node_modules/@webassemblyjs/wasm-parser': '/Users/earthcake/Documents/e-Training/e-training/node_modules/@webassemblyjs/.wasm-parser-BMCAHk1I',
790 silly reify   '/Users/earthcake/Documents/e-Training/e-training/node_modules/@webassemblyjs/wast-parser': '/Users/earthcake/Documents/e-Training/e-training/node_modules/@webassemblyjs/.wast-parser-0xui6luU',
790 silly reify   '/Users/earthcake/Documents/e-Training/e-training/node_modules/@webassemblyjs/wast-printer': '/Users/earthcake/Documents/e-Training/e-training/node_modules/@webassemblyjs/.wast-printer-lazate0y',
790 silly reify   '/Users/earthcake/Documents/e-Training/e-training/node_modules/@xtuc/ieee754': '/Users/earthcake/Documents/e-Training/e-training/node_modules/@xtuc/.ieee754-xwf3UfHm',
790 silly reify   '/Users/earthcake/Documents/e-Training/e-training/node_modules/@xtuc/long': '/Users/earthcake/Documents/e-Training/e-training/node_modules/@xtuc/.long-HKerTkSy',
790 silly reify   '/Users/earthcake/Documents/e-Training/e-training/node_modules/accepts': '/Users/earthcake/Documents/e-Training/e-training/node_modules/.accepts-MZNMXDoD',
790 silly reify   '/Users/earthcake/Documents/e-Training/e-training/node_modules/adjust-sourcemap-loader': '/Users/earthcake/Documents/e-Training/e-training/node_modules/.adjust-sourcemap-loader-J9mbLDIy',
790 silly reify   '/Users/earthcake/Documents/e-Training/e-training/node_modules/ajv-errors': '/Users/earthcake/Documents/e-Training/e-training/node_modules/.ajv-errors-cF9bmeMb',
790 silly reify   '/Users/earthcake/Documents/e-Training/e-training/node_modules/ajv-keywords': '/Users/earthcake/Documents/e-Training/e-training/node_modules/.ajv-keywords-l15hhkHE',
790 silly reify   '/Users/earthcake/Documents/e-Training/e-training/node_modules/amphtml-validator': '/Users/earthcake/Documents/e-Training/e-training/node_modules/.amphtml-validator-h38Rp3aG',
790 silly reify   '/Users/earthcake/Documents/e-Training/e-training/node_modules/.bin/amphtml-validator': '/Users/earthcake/Documents/e-Training/e-training/node_modules/.bin/.amphtml-validator-7uosVd8Q',
790 silly reify   '/Users/earthcake/Documents/e-Training/e-training/node_modules/ansi-colors': '/Users/earthcake/Documents/e-Training/e-training/node_modules/.ansi-colors-GdNElWFa',
790 silly reify   '/Users/earthcake/Documents/e-Training/e-training/node_modules/ansi-html': '/Users/earthcake/Documents/e-Training/e-training/node_modules/.ansi-html-NyeLnvhQ',
790 silly reify   '/Users/earthcake/Documents/e-Training/e-training/node_modules/.bin/ansi-html': '/Users/earthcake/Documents/e-Training/e-training/node_modules/.bin/.ansi-html-3Fd0Y8xw',
790 silly reify   '/Users/earthcake/Documents/e-Training/e-training/node_modules/anymatch': '/Users/earthcake/Documents/e-Training/e-training/node_modules/.anymatch-ldBqUXva',
790 silly reify   '/Users/earthcake/Documents/e-Training/e-training/node_modules/aproba': '/Users/earthcake/Documents/e-Training/e-training/node_modules/.aproba-me7tEbT5',
790 silly reify   '/Users/earthcake/Documents/e-Training/e-training/node_modules/arity-n': '/Users/earthcake/Documents/e-Training/e-training/node_modules/.arity-n-Sdw8eJxD',
790 silly reify   '/Users/earthcake/Documents/e-Training/e-training/node_modules/arr-diff': '/Users/earthcake/Documents/e-Training/e-training/node_modules/.arr-diff-Aoso9hqz',
790 silly reify   '/Users/earthcake/Documents/e-Training/e-training/node_modules/arr-flatten': '/Users/earthcake/Documents/e-Training/e-training/node_modules/.arr-flatten-GryPGYLs',
790 silly reify   '/Users/earthcake/Documents/e-Training/e-training/node_modules/arr-union': '/Users/earthcake/Documents/e-Training/e-training/node_modules/.arr-union-ePwSDUgA',
790 silly reify   '/Users/earthcake/Documents/e-Training/e-training/node_modules/array-union': '/Users/earthcake/Documents/e-Training/e-training/node_modules/.array-union-zP6tvcYD',
790 silly reify   '/Users/earthcake/Documents/e-Training/e-training/node_modules/array-uniq': '/Users/earthcake/Documents/e-Training/e-training/node_modules/.array-uniq-XBnP76yQ',
790 silly reify   '/Users/earthcake/Documents/e-Training/e-training/node_modules/array-unique': '/Users/earthcake/Documents/e-Training/e-training/node_modules/.array-unique-KxUfyDKJ',
790 silly reify   '/Users/earthcake/Documents/e-Training/e-training/node_modules/asap': '/Users/earthcake/Documents/e-Training/e-training/node_modules/.asap-McTYFD6V',
790 silly reify   '/Users/earthcake/Documents/e-Training/e-training/node_modules/asn1.js': '/Users/earthcake/Documents/e-Training/e-training/node_modules/.asn1.js-0k1KSJ0I',
790 silly reify   '/Users/earthcake/Documents/e-Training/e-training/node_modules/assert': '/Users/earthcake/Documents/e-Training/e-training/node_modules/.assert-tj2m74ak',
790 silly reify   '/Users/earthcake/Documents/e-Training/e-training/node_modules/assign-symbols': '/Users/earthcake/Documents/e-Training/e-training/node_modules/.assign-symbols-0YTLqDIw',
790 silly reify   '/Users/earthcake/Documents/e-Training/e-training/node_modules/async-each': '/Users/earthcake/Documents/e-Training/e-training/node_modules/.async-each-vB5D8xBY',
790 silly reify   '/Users/earthcake/Documents/e-Training/e-training/node_modules/async-retry': '/Users/earthcake/Documents/e-Training/e-training/node_modules/.async-retry-fZy1jWje',
790 silly reify   '/Users/earthcake/Documents/e-Training/e-training/node_modules/async-sema': '/Users/earthcake/Documents/e-Training/e-training/node_modules/.async-sema-nRTFNFFD',
790 silly reify   '/Users/earthcake/Documents/e-Training/e-training/node_modules/atob': '/Users/earthcake/Documents/e-Training/e-training/node_modules/.atob-QVcAd151',
790 silly reify   '/Users/earthcake/Documents/e-Training/e-training/node_modules/.bin/atob': '/Users/earthcake/Documents/e-Training/e-training/node_modules/.bin/.atob-wUaipWMt',
790 silly reify   '/Users/earthcake/Documents/e-Training/e-training/node_modules/autodll-webpack-plugin': '/Users/earthcake/Documents/e-Training/e-training/node_modules/.autodll-webpack-plugin-7sUZF81S',
790 silly reify   '/Users/earthcake/Documents/e-Training/e-training/node_modules/autoprefixer': '/Users/earthcake/Documents/e-Training/e-training/node_modules/.autoprefixer-6439SBct',
790 silly reify   '/Users/earthcake/Documents/e-Training/e-training/node_modules/.bin/autoprefixer': '/Users/earthcake/Documents/e-Training/e-training/node_modules/.bin/.autoprefixer-tW7xYJuM',
790 silly reify   '/Users/earthcake/Documents/e-Training/e-training/node_modules/babel-code-frame': '/Users/earthcake/Documents/e-Training/e-training/node_modules/.babel-code-frame-tgG4jYqs',
790 silly reify   '/Users/earthcake/Documents/e-Training/e-training/node_modules/babel-core': '/Users/earthcake/Documents/e-Training/e-training/node_modules/.babel-core-to5WZOog',
790 silly reify   '/Users/earthcake/Documents/e-Training/e-training/node_modules/babel-loader': '/Users/earthcake/Documents/e-Training/e-training/node_modules/.babel-loader-BjINQX7m',
790 silly reify   '/Users/earthcake/Documents/e-Training/e-training/node_modules/babel-plugin-dynamic-import-node': '/Users/earthcake/Documents/e-Training/e-training/node_modules/.babel-plugin-dynamic-import-node-342wagy1',
790 silly reify   '/Users/earthcake/Documents/e-Training/e-training/node_modules/babel-plugin-syntax-jsx': '/Users/earthcake/Documents/e-Training/e-training/node_modules/.babel-plugin-syntax-jsx-Mv01b9lb',
790 silly reify   '/Users/earthcake/Documents/e-Training/e-training/node_modules/babel-plugin-transform-define': '/Users/earthcake/Documents/e-Training/e-training/node_modules/.babel-plugin-transform-define-SaZ1rBVD',
790 silly reify   '/Users/earthcake/Documents/e-Training/e-training/node_modules/babel-plugin-transform-react-remove-prop-types': '/Users/earthcake/Documents/e-Training/e-training/node_modules/.babel-plugin-transform-react-remove-prop-types-ImlLOaGQ',
790 silly reify   '/Users/earthcake/Documents/e-Training/e-training/node_modules/base': '/Users/earthcake/Documents/e-Training/e-training/node_modules/.base-3vzboRSx',
790 silly reify   '/Users/earthcake/Documents/e-Training/e-training/node_modules/base64-js': '/Users/earthcake/Documents/e-Training/e-training/node_modules/.base64-js-f1l6aB8g',
790 silly reify   '/Users/earthcake/Documents/e-Training/e-training/node_modules/big.js': '/Users/earthcake/Documents/e-Training/e-training/node_modules/.big.js-vwFBQq5P',
790 silly reify   '/Users/earthcake/Documents/e-Training/e-training/node_modules/binary-extensions': '/Users/earthcake/Documents/e-Training/e-training/node_modules/.binary-extensions-OFAFqwOA',
790 silly reify   '/Users/earthcake/Documents/e-Training/e-training/node_modules/bindings': '/Users/earthcake/Documents/e-Training/e-training/node_modules/.bindings-znaPgM8e',
790 silly reify   '/Users/earthcake/Documents/e-Training/e-training/node_modules/bluebird': '/Users/earthcake/Documents/e-Training/e-training/node_modules/.bluebird-HoGlAzDx',
790 silly reify   '/Users/earthcake/Documents/e-Training/e-training/node_modules/bn.js': '/Users/earthcake/Documents/e-Training/e-training/node_modules/.bn.js-v9ZlMN9f',
790 silly reify   '/Users/earthcake/Documents/e-Training/e-training/node_modules/brorand': '/Users/earthcake/Documents/e-Training/e-training/node_modules/.brorand-9wqI7B1E',
790 silly reify   '/Users/earthcake/Documents/e-Training/e-training/node_modules/browserify-aes': '/Users/earthcake/Documents/e-Training/e-training/node_modules/.browserify-aes-BFoYcsOw',
790 silly reify   '/Users/earthcake/Documents/e-Training/e-training/node_modules/browserify-cipher': '/Users/earthcake/Documents/e-Training/e-training/node_modules/.browserify-cipher-OxfwEO6j',
790 silly reify   '/Users/earthcake/Documents/e-Training/e-training/node_modules/browserify-des': '/Users/earthcake/Documents/e-Training/e-training/node_modules/.browserify-des-0ftyKlwD',
790 silly reify   '/Users/earthcake/Documents/e-Training/e-training/node_modules/browserify-rsa': '/Users/earthcake/Documents/e-Training/e-training/node_modules/.browserify-rsa-vecg9oO5',
790 silly reify   '/Users/earthcake/Documents/e-Training/e-training/node_modules/browserify-sign': '/Users/earthcake/Documents/e-Training/e-training/node_modules/.browserify-sign-1igbooy4',
790 silly reify   '/Users/earthcake/Documents/e-Training/e-training/node_modules/browserify-zlib': '/Users/earthcake/Documents/e-Training/e-training/node_modules/.browserify-zlib-iSaRQoeW',
790 silly reify   '/Users/earthcake/Documents/e-Training/e-training/node_modules/buffer': '/Users/earthcake/Documents/e-Training/e-training/node_modules/.buffer-lcNAg4RS',
790 silly reify   '/Users/earthcake/Documents/e-Training/e-training/node_modules/buffer-equal-constant-time': '/Users/earthcake/Documents/e-Training/e-training/node_modules/.buffer-equal-constant-time-vgTc4Dhz',
790 silly reify   '/Users/earthcake/Documents/e-Training/e-training/node_modules/buffer-from': '/Users/earthcake/Documents/e-Training/e-training/node_modules/.buffer-from-8Xl15KAB',
790 silly reify   '/Users/earthcake/Documents/e-Training/e-training/node_modules/buffer-json': '/Users/earthcake/Documents/e-Training/e-training/node_modules/.buffer-json-xmmSD6Rr',
790 silly reify   '/Users/earthcake/Documents/e-Training/e-training/node_modules/buffer-xor': '/Users/earthcake/Documents/e-Training/e-training/node_modules/.buffer-xor-XdvGBeg0',
790 silly reify   '/Users/earthcake/Documents/e-Training/e-training/node_modules/builtin-status-codes': '/Users/earthcake/Documents/e-Training/e-training/node_modules/.builtin-status-codes-MBdRCMi0',
790 silly reify   '/Users/earthcake/Documents/e-Training/e-training/node_modules/bytes': '/Users/earthcake/Documents/e-Training/e-training/node_modules/.bytes-NjE4V1KT',
790 silly reify   '/Users/earthcake/Documents/e-Training/e-training/node_modules/cacache': '/Users/earthcake/Documents/e-Training/e-training/node_modules/.cacache-qolZi9ok',
790 silly reify   '/Users/earthcake/Documents/e-Training/e-training/node_modules/cache-base': '/Users/earthcake/Documents/e-Training/e-training/node_modules/.cache-base-qkOyE5oy',
790 silly reify   '/Users/earthcake/Documents/e-Training/e-training/node_modules/cache-loader': '/Users/earthcake/Documents/e-Training/e-training/node_modules/.cache-loader-QPb89vT0',
790 silly reify   '/Users/earthcake/Documents/e-Training/e-training/node_modules/caller-callsite': '/Users/earthcake/Documents/e-Training/e-training/node_modules/.caller-callsite-Kak1e2Ok',
790 silly reify   '/Users/earthcake/Documents/e-Training/e-training/node_modules/caller-path': '/Users/earthcake/Documents/e-Training/e-training/node_modules/.caller-path-gYf5Aae5',
790 silly reify   '/Users/earthcake/Documents/e-Training/e-training/node_modules/camelcase': '/Users/earthcake/Documents/e-Training/e-training/node_modules/.camelcase-Az25uFS9',
790 silly reify   '/Users/earthcake/Documents/e-Training/e-training/node_modules/chownr': '/Users/earthcake/Documents/e-Training/e-training/node_modules/.chownr-avgj2336',
790 silly reify   '/Users/earthcake/Documents/e-Training/e-training/node_modules/chrome-trace-event': '/Users/earthcake/Documents/e-Training/e-training/node_modules/.chrome-trace-event-cVZ9w5el',
790 silly reify   '/Users/earthcake/Documents/e-Training/e-training/node_modules/ci-info': '/Users/earthcake/Documents/e-Training/e-training/node_modules/.ci-info-8NN7LFcs',
790 silly reify   '/Users/earthcake/Documents/e-Training/e-training/node_modules/cipher-base': '/Users/earthcake/Documents/e-Training/e-training/node_modules/.cipher-base-zHonTxOT',
790 silly reify   '/Users/earthcake/Documents/e-Training/e-training/node_modules/class-utils': '/Users/earthcake/Documents/e-Training/e-training/node_modules/.class-utils-hZEY2NM1',
790 silly reify   '/Users/earthcake/Documents/e-Training/e-training/node_modules/cli-cursor': '/Users/earthcake/Documents/e-Training/e-training/node_modules/.cli-cursor-JUGAkxZO',
790 silly reify   '/Users/earthcake/Documents/e-Training/e-training/node_modules/cli-spinners': '/Users/earthcake/Documents/e-Training/e-training/node_modules/.cli-spinners-5BfmHTNs',
790 silly reify   '/Users/earthcake/Documents/e-Training/e-training/node_modules/clone': '/Users/earthcake/Documents/e-Training/e-training/node_modules/.clone-jpYcbk5s',
790 silly reify   '/Users/earthcake/Documents/e-Training/e-training/node_modules/clone-deep': '/Users/earthcake/Documents/e-Training/e-training/node_modules/.clone-deep-zqrP9jqI',
790 silly reify   '/Users/earthcake/Documents/e-Training/e-training/node_modules/collection-visit': '/Users/earthcake/Documents/e-Training/e-training/node_modules/.collection-visit-hopl2c3u',
790 silly reify   '/Users/earthcake/Documents/e-Training/e-training/node_modules/colors': '/Users/earthcake/Documents/e-Training/e-training/node_modules/.colors-Ylq6ohpz',
790 silly reify   '/Users/earthcake/Documents/e-Training/e-training/node_modules/commander': '/Users/earthcake/Documents/e-Training/e-training/node_modules/.commander-cdCRVB9n',
790 silly reify   '/Users/earthcake/Documents/e-Training/e-training/node_modules/commondir': '/Users/earthcake/Documents/e-Training/e-training/node_modules/.commondir-kxtXyibu',
790 silly reify   '/Users/earthcake/Documents/e-Training/e-training/node_modules/component-emitter': '/Users/earthcake/Documents/e-Training/e-training/node_modules/.component-emitter-Htr3lLIS',
790 silly reify   '/Users/earthcake/Documents/e-Training/e-training/node_modules/compose-function': '/Users/earthcake/Documents/e-Training/e-training/node_modules/.compose-function-2FsuX9rJ',
790 silly reify   '/Users/earthcake/Documents/e-Training/e-training/node_modules/compressible': '/Users/earthcake/Documents/e-Training/e-training/node_modules/.compressible-GZu3x7Zl',
790 silly reify   '/Users/earthcake/Documents/e-Training/e-training/node_modules/compression': '/Users/earthcake/Documents/e-Training/e-training/node_modules/.compression-9qibByyn',
790 silly reify   '/Users/earthcake/Documents/e-Training/e-training/node_modules/concat-stream': '/Users/earthcake/Documents/e-Training/e-training/node_modules/.concat-stream-B33QWYH6',
790 silly reify   '/Users/earthcake/Documents/e-Training/e-training/node_modules/conf': '/Users/earthcake/Documents/e-Training/e-training/node_modules/.conf-Fg6Ajk10',
790 silly reify   '/Users/earthcake/Documents/e-Training/e-training/node_modules/console-browserify': '/Users/earthcake/Documents/e-Training/e-training/node_modules/.console-browserify-3PhuS8RR',
790 silly reify   '/Users/earthcake/Documents/e-Training/e-training/node_modules/constants-browserify': '/Users/earthcake/Documents/e-Training/e-training/node_modules/.constants-browserify-bZ0wn4dh',
790 silly reify   '/Users/earthcake/Documents/e-Training/e-training/node_modules/content-type': '/Users/earthcake/Documents/e-Training/e-training/node_modules/.content-type-HABuEasu',
790 silly reify   '/Users/earthcake/Documents/e-Training/e-training/node_modules/copy-concurrently': '/Users/earthcake/Documents/e-Training/e-training/node_modules/.copy-concurrently-014Xqb4g',
790 silly reify   '/Users/earthcake/Documents/e-Training/e-training/node_modules/copy-descriptor': '/Users/earthcake/Documents/e-Training/e-training/node_modules/.copy-descriptor-OPGx7M5Y',
790 silly reify   '/Users/earthcake/Documents/e-Training/e-training/node_modules/core-js-compat': '/Users/earthcake/Documents/e-Training/e-training/node_modules/.core-js-compat-BsY4jkJ3',
790 silly reify   '/Users/earthcake/Documents/e-Training/e-training/node_modules/core-util-is': '/Users/earthcake/Documents/e-Training/e-training/node_modules/.core-util-is-LVpVdYO2',
790 silly reify   '/Users/earthcake/Documents/e-Training/e-training/node_modules/create-ecdh': '/Users/earthcake/Documents/e-Training/e-training/node_modules/.create-ecdh-WLUFRV8R',
790 silly reify   '/Users/earthcake/Documents/e-Training/e-training/node_modules/create-hash': '/Users/earthcake/Documents/e-Training/e-training/node_modules/.create-hash-hb25HdKa',
790 silly reify   '/Users/earthcake/Documents/e-Training/e-training/node_modules/create-hmac': '/Users/earthcake/Documents/e-Training/e-training/node_modules/.create-hmac-Bs8AnNhN',
790 silly reify   '/Users/earthcake/Documents/e-Training/e-training/node_modules/cross-fetch': '/Users/earthcake/Documents/e-Training/e-training/node_modules/.cross-fetch-M3bdfcU9',
790 silly reify   '/Users/earthcake/Documents/e-Training/e-training/node_modules/crypto-browserify': '/Users/earthcake/Documents/e-Training/e-training/node_modules/.crypto-browserify-mumucKt9',
790 silly reify   '/Users/earthcake/Documents/e-Training/e-training/node_modules/css': '/Users/earthcake/Documents/e-Training/e-training/node_modules/.css-tyTeUFc4',
790 silly reify   '/Users/earthcake/Documents/e-Training/e-training/node_modules/css-blank-pseudo': '/Users/earthcake/Documents/e-Training/e-training/node_modules/.css-blank-pseudo-dyJPfNn8',
790 silly reify   '/Users/earthcake/Documents/e-Training/e-training/node_modules/.bin/css-blank-pseudo': '/Users/earthcake/Documents/e-Training/e-training/node_modules/.bin/.css-blank-pseudo-mevE7kNe',
790 silly reify   '/Users/earthcake/Documents/e-Training/e-training/node_modules/css-has-pseudo': '/Users/earthcake/Documents/e-Training/e-training/node_modules/.css-has-pseudo-FeNIk5tl',
790 silly reify   '/Users/earthcake/Documents/e-Training/e-training/node_modules/.bin/css-has-pseudo': '/Users/earthcake/Documents/e-Training/e-training/node_modules/.bin/.css-has-pseudo-yl5zmwpY',
790 silly reify   '/Users/earthcake/Documents/e-Training/e-training/node_modules/css-loader': '/Users/earthcake/Documents/e-Training/e-training/node_modules/.css-loader-Xdpj1QHd',
790 silly reify   '/Users/earthcake/Documents/e-Training/e-training/node_modules/css-prefers-color-scheme': '/Users/earthcake/Documents/e-Training/e-training/node_modules/.css-prefers-color-scheme-JXi9F9nF',
790 silly reify   '/Users/earthcake/Documents/e-Training/e-training/node_modules/.bin/css-prefers-color-scheme': '/Users/earthcake/Documents/e-Training/e-training/node_modules/.bin/.css-prefers-color-scheme-4eCMc8dq',
790 silly reify   '/Users/earthcake/Documents/e-Training/e-training/node_modules/cssdb': '/Users/earthcake/Documents/e-Training/e-training/node_modules/.cssdb-es7xPbRC',
790 silly reify   '/Users/earthcake/Documents/e-Training/e-training/node_modules/cssesc': '/Users/earthcake/Documents/e-Training/e-training/node_modules/.cssesc-b7eJyWhj',
790 silly reify   '/Users/earthcake/Documents/e-Training/e-training/node_modules/.bin/cssesc': '/Users/earthcake/Documents/e-Training/e-training/node_modules/.bin/.cssesc-soYK820D',
790 silly reify   '/Users/earthcake/Documents/e-Training/e-training/node_modules/cssnano-preset-simple': '/Users/earthcake/Documents/e-Training/e-training/node_modules/.cssnano-preset-simple-J9B5MEOe',
790 silly reify   '/Users/earthcake/Documents/e-Training/e-training/node_modules/cssnano-simple': '/Users/earthcake/Documents/e-Training/e-training/node_modules/.cssnano-simple-VrGfl3kN',
790 silly reify   '/Users/earthcake/Documents/e-Training/e-training/node_modules/cyclist': '/Users/earthcake/Documents/e-Training/e-training/node_modules/.cyclist-f5oZ2M9N',
790 silly reify   '/Users/earthcake/Documents/e-Training/e-training/node_modules/d': '/Users/earthcake/Documents/e-Training/e-training/node_modules/.d-hMStCCxO',
790 silly reify   '/Users/earthcake/Documents/e-Training/e-training/node_modules/decode-uri-component': '/Users/earthcake/Documents/e-Training/e-training/node_modules/.decode-uri-component-pOSvcedi',
790 silly reify   '/Users/earthcake/Documents/e-Training/e-training/node_modules/defaults': '/Users/earthcake/Documents/e-Training/e-training/node_modules/.defaults-INwgpr8S',
790 silly reify   '/Users/earthcake/Documents/e-Training/e-training/node_modules/define-property': '/Users/earthcake/Documents/e-Training/e-training/node_modules/.define-property-0pZFMUWg',
790 silly reify   '/Users/earthcake/Documents/e-Training/e-training/node_modules/del': '/Users/earthcake/Documents/e-Training/e-training/node_modules/.del-czJVQJzp',
790 silly reify   '/Users/earthcake/Documents/e-Training/e-training/node_modules/depd': '/Users/earthcake/Documents/e-Training/e-training/node_modules/.depd-99v7mfpp',
790 silly reify   '/Users/earthcake/Documents/e-Training/e-training/node_modules/des.js': '/Users/earthcake/Documents/e-Training/e-training/node_modules/.des.js-teKhp0uJ',
790 silly reify   '/Users/earthcake/Documents/e-Training/e-training/node_modules/destroy': '/Users/earthcake/Documents/e-Training/e-training/node_modules/.destroy-XwRaPicX',
790 silly reify   '/Users/earthcake/Documents/e-Training/e-training/node_modules/devalue': '/Users/earthcake/Documents/e-Training/e-training/node_modules/.devalue-G0Z8STsR',
790 silly reify   '/Users/earthcake/Documents/e-Training/e-training/node_modules/diffie-hellman': '/Users/earthcake/Documents/e-Training/e-training/node_modules/.diffie-hellman-Wet2tmeJ',
790 silly reify   '/Users/earthcake/Documents/e-Training/e-training/node_modules/dom-serializer': '/Users/earthcake/Documents/e-Training/e-training/node_modules/.dom-serializer-B9y60HcP',
790 silly reify   '/Users/earthcake/Documents/e-Training/e-training/node_modules/domain-browser': '/Users/earthcake/Documents/e-Training/e-training/node_modules/.domain-browser-pD0R22v7',
790 silly reify   '/Users/earthcake/Documents/e-Training/e-training/node_modules/domelementtype': '/Users/earthcake/Documents/e-Training/e-training/node_modules/.domelementtype-QuN6PMkZ',
790 silly reify   '/Users/earthcake/Documents/e-Training/e-training/node_modules/domhandler': '/Users/earthcake/Documents/e-Training/e-training/node_modules/.domhandler-8rhonu4S',
790 silly reify   '/Users/earthcake/Documents/e-Training/e-training/node_modules/domutils': '/Users/earthcake/Documents/e-Training/e-training/node_modules/.domutils-sZgK7Fba',
790 silly reify   '/Users/earthcake/Documents/e-Training/e-training/node_modules/dot-prop': '/Users/earthcake/Documents/e-Training/e-training/node_modules/.dot-prop-U6RCDwo9',
790 silly reify   '/Users/earthcake/Documents/e-Training/e-training/node_modules/duplexer': '/Users/earthcake/Documents/e-Training/e-training/node_modules/.duplexer-7phAhXXK',
790 silly reify   '/Users/earthcake/Documents/e-Training/e-training/node_modules/duplexify': '/Users/earthcake/Documents/e-Training/e-training/node_modules/.duplexify-37emRDQM',
790 silly reify   '/Users/earthcake/Documents/e-Training/e-training/node_modules/ecdsa-sig-formatter': '/Users/earthcake/Documents/e-Training/e-training/node_modules/.ecdsa-sig-formatter-Qlrv5UO5',
790 silly reify   '/Users/earthcake/Documents/e-Training/e-training/node_modules/ee-first': '/Users/earthcake/Documents/e-Training/e-training/node_modules/.ee-first-4eQvTM4v',
790 silly reify   '/Users/earthcake/Documents/e-Training/e-training/node_modules/elliptic': '/Users/earthcake/Documents/e-Training/e-training/node_modules/.elliptic-p9VTVUxX',
790 silly reify   '/Users/earthcake/Documents/e-Training/e-training/node_modules/emojis-list': '/Users/earthcake/Documents/e-Training/e-training/node_modules/.emojis-list-vRAXFLfM',
790 silly reify   '/Users/earthcake/Documents/e-Training/e-training/node_modules/encodeurl': '/Users/earthcake/Documents/e-Training/e-training/node_modules/.encodeurl-R97e7rt4',
790 silly reify   '/Users/earthcake/Documents/e-Training/e-training/node_modules/entities': '/Users/earthcake/Documents/e-Training/e-training/node_modules/.entities-3iWxI2Jc',
790 silly reify   '/Users/earthcake/Documents/e-Training/e-training/node_modules/errno': '/Users/earthcake/Documents/e-Training/e-training/node_modules/.errno-79BdeKfN',
790 silly reify   '/Users/earthcake/Documents/e-Training/e-training/node_modules/.bin/errno': '/Users/earthcake/Documents/e-Training/e-training/node_modules/.bin/.errno-r8UfFh6M',
790 silly reify   '/Users/earthcake/Documents/e-Training/e-training/node_modules/es5-ext': '/Users/earthcake/Documents/e-Training/e-training/node_modules/.es5-ext-O8cLYaG0',
790 silly reify   '/Users/earthcake/Documents/e-Training/e-training/node_modules/es6-iterator': '/Users/earthcake/Documents/e-Training/e-training/node_modules/.es6-iterator-G1hSzIlj',
790 silly reify   '/Users/earthcake/Documents/e-Training/e-training/node_modules/es6-symbol': '/Users/earthcake/Documents/e-Training/e-training/node_modules/.es6-symbol-dNDxtEBD',
790 silly reify   '/Users/earthcake/Documents/e-Training/e-training/node_modules/escape-html': '/Users/earthcake/Documents/e-Training/e-training/node_modules/.escape-html-r94qvLwz',
790 silly reify   '/Users/earthcake/Documents/e-Training/e-training/node_modules/esniff': '/Users/earthcake/Documents/e-Training/e-training/node_modules/.esniff-iXgBaqJE',
790 silly reify   '/Users/earthcake/Documents/e-Training/e-training/node_modules/etag': '/Users/earthcake/Documents/e-Training/e-training/node_modules/.etag-cms1Q6cs',
790 silly reify   '/Users/earthcake/Documents/e-Training/e-training/node_modules/event-emitter': '/Users/earthcake/Documents/e-Training/e-training/node_modules/.event-emitter-W3ITpHk6',
790 silly reify   '/Users/earthcake/Documents/e-Training/e-training/node_modules/eventemitter3': '/Users/earthcake/Documents/e-Training/e-training/node_modules/.eventemitter3-sw8NExDV',
790 silly reify   '/Users/earthcake/Documents/e-Training/e-training/node_modules/events': '/Users/earthcake/Documents/e-Training/e-training/node_modules/.events-fqHMxVcz',
790 silly reify   '/Users/earthcake/Documents/e-Training/e-training/node_modules/evp_bytestokey': '/Users/earthcake/Documents/e-Training/e-training/node_modules/.evp_bytestokey-zd6mJJJX',
790 silly reify   '/Users/earthcake/Documents/e-Training/e-training/node_modules/expand-brackets': '/Users/earthcake/Documents/e-Training/e-training/node_modules/.expand-brackets-GBuRT0an',
790 silly reify   '/Users/earthcake/Documents/e-Training/e-training/node_modules/ext': '/Users/earthcake/Documents/e-Training/e-training/node_modules/.ext-I9aEXPuu',
790 silly reify   '/Users/earthcake/Documents/e-Training/e-training/node_modules/extend-shallow': '/Users/earthcake/Documents/e-Training/e-training/node_modules/.extend-shallow-oVUYIVJu',
790 silly reify   '/Users/earthcake/Documents/e-Training/e-training/node_modules/extglob': '/Users/earthcake/Documents/e-Training/e-training/node_modules/.extglob-XTJFOP7o',
790 silly reify   '/Users/earthcake/Documents/e-Training/e-training/node_modules/figgy-pudding': '/Users/earthcake/Documents/e-Training/e-training/node_modules/.figgy-pudding-ZifnDuhA',
790 silly reify   '/Users/earthcake/Documents/e-Training/e-training/node_modules/file-loader': '/Users/earthcake/Documents/e-Training/e-training/node_modules/.file-loader-76WWrxZH',
790 silly reify   '/Users/earthcake/Documents/e-Training/e-training/node_modules/file-uri-to-path': '/Users/earthcake/Documents/e-Training/e-training/node_modules/.file-uri-to-path-nflxJgd1',
790 silly reify   '/Users/earthcake/Documents/e-Training/e-training/node_modules/finally-polyfill': '/Users/earthcake/Documents/e-Training/e-training/node_modules/.finally-polyfill-chwICWGY',
790 silly reify   '/Users/earthcake/Documents/e-Training/e-training/node_modules/find-cache-dir': '/Users/earthcake/Documents/e-Training/e-training/node_modules/.find-cache-dir-XP7xacuv',
790 silly reify   '/Users/earthcake/Documents/e-Training/e-training/node_modules/flatten': '/Users/earthcake/Documents/e-Training/e-training/node_modules/.flatten-ks8qzGHw',
790 silly reify   '/Users/earthcake/Documents/e-Training/e-training/node_modules/flush-write-stream': '/Users/earthcake/Documents/e-Training/e-training/node_modules/.flush-write-stream-ZTQ9wfCz',
790 silly reify   '/Users/earthcake/Documents/e-Training/e-training/node_modules/follow-redirects': '/Users/earthcake/Documents/e-Training/e-training/node_modules/.follow-redirects-cTvZidnb',
790 silly reify   '/Users/earthcake/Documents/e-Training/e-training/node_modules/for-in': '/Users/earthcake/Documents/e-Training/e-training/node_modules/.for-in-umzfK4W0',
790 silly reify   '/Users/earthcake/Documents/e-Training/e-training/node_modules/fork-ts-checker-webpack-plugin': '/Users/earthcake/Documents/e-Training/e-training/node_modules/.fork-ts-checker-webpack-plugin-IB2WxYvm',
790 silly reify   '/Users/earthcake/Documents/e-Training/e-training/node_modules/fragment-cache': '/Users/earthcake/Documents/e-Training/e-training/node_modules/.fragment-cache-q72XRBR5',
790 silly reify   '/Users/earthcake/Documents/e-Training/e-training/node_modules/fresh': '/Users/earthcake/Documents/e-Training/e-training/node_modules/.fresh-I7B7L86Z',
790 silly reify   '/Users/earthcake/Documents/e-Training/e-training/node_modules/from2': '/Users/earthcake/Documents/e-Training/e-training/node_modules/.from2-KzCbQJHr',
790 silly reify   '/Users/earthcake/Documents/e-Training/e-training/node_modules/fs-write-stream-atomic': '/Users/earthcake/Documents/e-Training/e-training/node_modules/.fs-write-stream-atomic-U14x9e4u',
790 silly reify   '/Users/earthcake/Documents/e-Training/e-training/node_modules/fs.realpath': '/Users/earthcake/Documents/e-Training/e-training/node_modules/.fs.realpath-2XCWhI1D',
790 silly reify   '/Users/earthcake/Documents/e-Training/e-training/node_modules/fsevents': '/Users/earthcake/Documents/e-Training/e-training/node_modules/.fsevents-TMjetAAn',
790 silly reify   '/Users/earthcake/Documents/e-Training/e-training/node_modules/get-value': '/Users/earthcake/Documents/e-Training/e-training/node_modules/.get-value-fhGfZwLy',
790 silly reify   '/Users/earthcake/Documents/e-Training/e-training/node_modules/glob': '/Users/earthcake/Documents/e-Training/e-training/node_modules/.glob-sjqqHtcZ',
790 silly reify   '/Users/earthcake/Documents/e-Training/e-training/node_modules/glob-to-regexp': '/Users/earthcake/Documents/e-Training/e-training/node_modules/.glob-to-regexp-h4s1A2AQ',
790 silly reify   '/Users/earthcake/Documents/e-Training/e-training/node_modules/globby': '/Users/earthcake/Documents/e-Training/e-training/node_modules/.globby-u0qnVKVr',
790 silly reify   '/Users/earthcake/Documents/e-Training/e-training/node_modules/gzip-size': '/Users/earthcake/Documents/e-Training/e-training/node_modules/.gzip-size-3QP3EB1P',
790 silly reify   '/Users/earthcake/Documents/e-Training/e-training/node_modules/has': '/Users/earthcake/Documents/e-Training/e-training/node_modules/.has-dZUHbevh',
790 silly reify   '/Users/earthcake/Documents/e-Training/e-training/node_modules/has-ansi': '/Users/earthcake/Documents/e-Training/e-training/node_modules/.has-ansi-CymDmdvW',
790 silly reify   '/Users/earthcake/Documents/e-Training/e-training/node_modules/has-value': '/Users/earthcake/Documents/e-Training/e-training/node_modules/.has-value-e6YJHIUP',
790 silly reify   '/Users/earthcake/Documents/e-Training/e-training/node_modules/has-values': '/Users/earthcake/Documents/e-Training/e-training/node_modules/.has-values-lHDQub6V',
790 silly reify   '/Users/earthcake/Documents/e-Training/e-training/node_modules/hash-base': '/Users/earthcake/Documents/e-Training/e-training/node_modules/.hash-base-Zem6IZnk',
790 silly reify   '/Users/earthcake/Documents/e-Training/e-training/node_modules/hash.js': '/Users/earthcake/Documents/e-Training/e-training/node_modules/.hash.js-8wK1FLww',
790 silly reify   '/Users/earthcake/Documents/e-Training/e-training/node_modules/hmac-drbg': '/Users/earthcake/Documents/e-Training/e-training/node_modules/.hmac-drbg-r7BaokiY',
790 silly reify   '/Users/earthcake/Documents/e-Training/e-training/node_modules/hosted-git-info': '/Users/earthcake/Documents/e-Training/e-training/node_modules/.hosted-git-info-qz2zIrF4',
790 silly reify   '/Users/earthcake/Documents/e-Training/e-training/node_modules/html-entities': '/Users/earthcake/Documents/e-Training/e-training/node_modules/.html-entities-GwcKtJT3',
790 silly reify   '/Users/earthcake/Documents/e-Training/e-training/node_modules/htmlparser2': '/Users/earthcake/Documents/e-Training/e-training/node_modules/.htmlparser2-CxRwcoJN',
790 silly reify   '/Users/earthcake/Documents/e-Training/e-training/node_modules/http-errors': '/Users/earthcake/Documents/e-Training/e-training/node_modules/.http-errors-JyS4WDdD',
790 silly reify   '/Users/earthcake/Documents/e-Training/e-training/node_modules/http-proxy': '/Users/earthcake/Documents/e-Training/e-training/node_modules/.http-proxy-yU2cFXPE',
790 silly reify   '/Users/earthcake/Documents/e-Training/e-training/node_modules/https-browserify': '/Users/earthcake/Documents/e-Training/e-training/node_modules/.https-browserify-vLfpkrZ1',
790 silly reify   '/Users/earthcake/Documents/e-Training/e-training/node_modules/iconv-lite': '/Users/earthcake/Documents/e-Training/e-training/node_modules/.iconv-lite-V6cjSGVm',
790 silly reify   '/Users/earthcake/Documents/e-Training/e-training/node_modules/icss-utils': '/Users/earthcake/Documents/e-Training/e-training/node_modules/.icss-utils-VVaIXUpe',
790 silly reify   '/Users/earthcake/Documents/e-Training/e-training/node_modules/ieee754': '/Users/earthcake/Documents/e-Training/e-training/node_modules/.ieee754-v272D5ZQ',
790 silly reify   '/Users/earthcake/Documents/e-Training/e-training/node_modules/iferr': '/Users/earthcake/Documents/e-Training/e-training/node_modules/.iferr-kOdyuW79',
790 silly reify   '/Users/earthcake/Documents/e-Training/e-training/node_modules/ignore-loader': '/Users/earthcake/Documents/e-Training/e-training/node_modules/.ignore-loader-feVWXDwu',
790 silly reify   '/Users/earthcake/Documents/e-Training/e-training/node_modules/import-cwd': '/Users/earthcake/Documents/e-Training/e-training/node_modules/.import-cwd-eLvavbsA',
790 silly reify   '/Users/earthcake/Documents/e-Training/e-training/node_modules/import-from': '/Users/earthcake/Documents/e-Training/e-training/node_modules/.import-from-Amc5ZKth',
790 silly reify   '/Users/earthcake/Documents/e-Training/e-training/node_modules/indexes-of': '/Users/earthcake/Documents/e-Training/e-training/node_modules/.indexes-of-i9YrSUru',
790 silly reify   '/Users/earthcake/Documents/e-Training/e-training/node_modules/infer-owner': '/Users/earthcake/Documents/e-Training/e-training/node_modules/.infer-owner-oOxaFzPD',
790 silly reify   '/Users/earthcake/Documents/e-Training/e-training/node_modules/inflight': '/Users/earthcake/Documents/e-Training/e-training/node_modules/.inflight-hSLCBWwv',
790 silly reify   '/Users/earthcake/Documents/e-Training/e-training/node_modules/inherits': '/Users/earthcake/Documents/e-Training/e-training/node_modules/.inherits-S8bEEhnF',
790 silly reify   '/Users/earthcake/Documents/e-Training/e-training/node_modules/invariant': '/Users/earthcake/Documents/e-Training/e-training/node_modules/.invariant-VwxSPcMq',
790 silly reify   '/Users/earthcake/Documents/e-Training/e-training/node_modules/is-accessor-descriptor': '/Users/earthcake/Documents/e-Training/e-training/node_modules/.is-accessor-descriptor-RMNN9Y10',
790 silly reify   '/Users/earthcake/Documents/e-Training/e-training/node_modules/is-binary-path': '/Users/earthcake/Documents/e-Training/e-training/node_modules/.is-binary-path-9K47Yhoh',
790 silly reify   '/Users/earthcake/Documents/e-Training/e-training/node_modules/is-buffer': '/Users/earthcake/Documents/e-Training/e-training/node_modules/.is-buffer-orAAP33O',
790 silly reify   '/Users/earthcake/Documents/e-Training/e-training/node_modules/is-data-descriptor': '/Users/earthcake/Documents/e-Training/e-training/node_modules/.is-data-descriptor-Bmj6KNK1',
790 silly reify   '/Users/earthcake/Documents/e-Training/e-training/node_modules/is-descriptor': '/Users/earthcake/Documents/e-Training/e-training/node_modules/.is-descriptor-xZsKSom8',
790 silly reify   '/Users/earthcake/Documents/e-Training/e-training/node_modules/is-directory': '/Users/earthcake/Documents/e-Training/e-training/node_modules/.is-directory-dvx6WgVp',
790 silly reify   '/Users/earthcake/Documents/e-Training/e-training/node_modules/is-docker': '/Users/earthcake/Documents/e-Training/e-training/node_modules/.is-docker-aOnP6t2J',
790 silly reify   '/Users/earthcake/Documents/e-Training/e-training/node_modules/is-extendable': '/Users/earthcake/Documents/e-Training/e-training/node_modules/.is-extendable-OVqEejVl',
790 silly reify   '/Users/earthcake/Documents/e-Training/e-training/node_modules/is-obj': '/Users/earthcake/Documents/e-Training/e-training/node_modules/.is-obj-27Z09TdU',
790 silly reify   '/Users/earthcake/Documents/e-Training/e-training/node_modules/is-path-cwd': '/Users/earthcake/Documents/e-Training/e-training/node_modules/.is-path-cwd-PND7pZMW',
790 silly reify   '/Users/earthcake/Documents/e-Training/e-training/node_modules/is-path-in-cwd': '/Users/earthcake/Documents/e-Training/e-training/node_modules/.is-path-in-cwd-MwS2b0Rs',
790 silly reify   '/Users/earthcake/Documents/e-Training/e-training/node_modules/is-path-inside': '/Users/earthcake/Documents/e-Training/e-training/node_modules/.is-path-inside-QwKLjhJS',
790 silly reify   '/Users/earthcake/Documents/e-Training/e-training/node_modules/is-plain-obj': '/Users/earthcake/Documents/e-Training/e-training/node_modules/.is-plain-obj-UWkZ2udn',
790 silly reify   '/Users/earthcake/Documents/e-Training/e-training/node_modules/is-plain-object': '/Users/earthcake/Documents/e-Training/e-training/node_modules/.is-plain-object-acFyD9Ch',
790 silly reify   '/Users/earthcake/Documents/e-Training/e-training/node_modules/is-typedarray': '/Users/earthcake/Documents/e-Training/e-training/node_modules/.is-typedarray-PHC9xDts',
790 silly reify   '/Users/earthcake/Documents/e-Training/e-training/node_modules/is-windows': '/Users/earthcake/Documents/e-Training/e-training/node_modules/.is-windows-IOe3wVRl',
790 silly reify   '/Users/earthcake/Documents/e-Training/e-training/node_modules/is-wsl': '/Users/earthcake/Documents/e-Training/e-training/node_modules/.is-wsl-GtLsKlid',
790 silly reify   '/Users/earthcake/Documents/e-Training/e-training/node_modules/isobject': '/Users/earthcake/Documents/e-Training/e-training/node_modules/.isobject-JVHCCi5Q',
790 silly reify   '/Users/earthcake/Documents/e-Training/e-training/node_modules/jest-worker': '/Users/earthcake/Documents/e-Training/e-training/node_modules/.jest-worker-HlOu9US6',
790 silly reify   '/Users/earthcake/Documents/e-Training/e-training/node_modules/js-levenshtein': '/Users/earthcake/Documents/e-Training/e-training/node_modules/.js-levenshtein-MvJybKcY',
790 silly reify   '/Users/earthcake/Documents/e-Training/e-training/node_modules/json-parse-better-errors': '/Users/earthcake/Documents/e-Training/e-training/node_modules/.json-parse-better-errors-9p1361ct',
790 silly reify   '/Users/earthcake/Documents/e-Training/e-training/node_modules/json-schema-typed': '/Users/earthcake/Documents/e-Training/e-training/node_modules/.json-schema-typed-EjBcWE5w',
790 silly reify   '/Users/earthcake/Documents/e-Training/e-training/node_modules/jsonwebtoken': '/Users/earthcake/Documents/e-Training/e-training/node_modules/.jsonwebtoken-O5OMInyZ',
790 silly reify   '/Users/earthcake/Documents/e-Training/e-training/node_modules/jwa': '/Users/earthcake/Documents/e-Training/e-training/node_modules/.jwa-rABkTxrX',
790 silly reify   '/Users/earthcake/Documents/e-Training/e-training/node_modules/jws': '/Users/earthcake/Documents/e-Training/e-training/node_modules/.jws-Ye6PibCW',
790 silly reify   '/Users/earthcake/Documents/e-Training/e-training/node_modules/kind-of': '/Users/earthcake/Documents/e-Training/e-training/node_modules/.kind-of-IkiBEUNB',
790 silly reify   '/Users/earthcake/Documents/e-Training/e-training/node_modules/launch-editor': '/Users/earthcake/Documents/e-Training/e-training/node_modules/.launch-editor-OAjleyvb',
790 silly reify   '/Users/earthcake/Documents/e-Training/e-training/node_modules/load-json-file': '/Users/earthcake/Documents/e-Training/e-training/node_modules/.load-json-file-PWY3fQzx',
790 silly reify   '/Users/earthcake/Documents/e-Training/e-training/node_modules/loader-runner': '/Users/earthcake/Documents/e-Training/e-training/node_modules/.loader-runner-coLZQZvv',
790 silly reify   '/Users/earthcake/Documents/e-Training/e-training/node_modules/loader-utils': '/Users/earthcake/Documents/e-Training/e-training/node_modules/.loader-utils-sLjkrMUy',
790 silly reify   '/Users/earthcake/Documents/e-Training/e-training/node_modules/lodash': '/Users/earthcake/Documents/e-Training/e-training/node_modules/.lodash-KKthraZu',
790 silly reify   '/Users/earthcake/Documents/e-Training/e-training/node_modules/lodash.curry': '/Users/earthcake/Documents/e-Training/e-training/node_modules/.lodash.curry-2GJbMoUP',
790 silly reify   '/Users/earthcake/Documents/e-Training/e-training/node_modules/lodash.includes': '/Users/earthcake/Documents/e-Training/e-training/node_modules/.lodash.includes-IAjlE7JL',
790 silly reify   '/Users/earthcake/Documents/e-Training/e-training/node_modules/lodash.isboolean': '/Users/earthcake/Documents/e-Training/e-training/node_modules/.lodash.isboolean-jzsPo9kM',
790 silly reify   '/Users/earthcake/Documents/e-Training/e-training/node_modules/lodash.isinteger': '/Users/earthcake/Documents/e-Training/e-training/node_modules/.lodash.isinteger-38PLPvk1',
790 silly reify   '/Users/earthcake/Documents/e-Training/e-training/node_modules/lodash.isnumber': '/Users/earthcake/Documents/e-Training/e-training/node_modules/.lodash.isnumber-LvsBBqcK',
790 silly reify   '/Users/earthcake/Documents/e-Training/e-training/node_modules/lodash.isplainobject': '/Users/earthcake/Documents/e-Training/e-training/node_modules/.lodash.isplainobject-ESgQ1z6n',
790 silly reify   '/Users/earthcake/Documents/e-Training/e-training/node_modules/lodash.isstring': '/Users/earthcake/Documents/e-Training/e-training/node_modules/.lodash.isstring-91ujlfF1',
790 silly reify   '/Users/earthcake/Documents/e-Training/e-training/node_modules/lodash.once': '/Users/earthcake/Documents/e-Training/e-training/node_modules/.lodash.once-ZEcqeHsA',
790 silly reify   '/Users/earthcake/Documents/e-Training/e-training/node_modules/log-symbols': '/Users/earthcake/Documents/e-Training/e-training/node_modules/.log-symbols-5utG3oN9',
790 silly reify   '/Users/earthcake/Documents/e-Training/e-training/node_modules/make-dir': '/Users/earthcake/Documents/e-Training/e-training/node_modules/.make-dir-PaQv55gn',
790 silly reify   '/Users/earthcake/Documents/e-Training/e-training/node_modules/mamacro': '/Users/earthcake/Documents/e-Training/e-training/node_modules/.mamacro-OYnZV4bY',
790 silly reify   '/Users/earthcake/Documents/e-Training/e-training/node_modules/map-cache': '/Users/earthcake/Documents/e-Training/e-training/node_modules/.map-cache-RmsgMESw',
790 silly reify   '/Users/earthcake/Documents/e-Training/e-training/node_modules/map-visit': '/Users/earthcake/Documents/e-Training/e-training/node_modules/.map-visit-OftL7Iwv',
790 silly reify   '/Users/earthcake/Documents/e-Training/e-training/node_modules/md5.js': '/Users/earthcake/Documents/e-Training/e-training/node_modules/.md5.js-yYAto3KL',
790 silly reify   '/Users/earthcake/Documents/e-Training/e-training/node_modules/memory-fs': '/Users/earthcake/Documents/e-Training/e-training/node_modules/.memory-fs-GtDjzE42',
790 silly reify   '/Users/earthcake/Documents/e-Training/e-training/node_modules/merge-stream': '/Users/earthcake/Documents/e-Training/e-training/node_modules/.merge-stream-9eeYf5vv',
790 silly reify   '/Users/earthcake/Documents/e-Training/e-training/node_modules/microevent.ts': '/Users/earthcake/Documents/e-Training/e-training/node_modules/.microevent.ts-CtGBmvtt',
790 silly reify   '/Users/earthcake/Documents/e-Training/e-training/node_modules/miller-rabin': '/Users/earthcake/Documents/e-Training/e-training/node_modules/.miller-rabin-qDaPvclQ',
790 silly reify   '/Users/earthcake/Documents/e-Training/e-training/node_modules/.bin/miller-rabin': '/Users/earthcake/Documents/e-Training/e-training/node_modules/.bin/.miller-rabin-kYsKQE17',
790 silly reify   '/Users/earthcake/Documents/e-Training/e-training/node_modules/mime': '/Users/earthcake/Documents/e-Training/e-training/node_modules/.mime-l5WKSHZm',
790 silly reify   '/Users/earthcake/Documents/e-Training/e-training/node_modules/.bin/mime': '/Users/earthcake/Documents/e-Training/e-training/node_modules/.bin/.mime-tyVh3n7I',
790 silly reify   '/Users/earthcake/Documents/e-Training/e-training/node_modules/mime-db': '/Users/earthcake/Documents/e-Training/e-training/node_modules/.mime-db-zWOkVzMK',
790 silly reify   '/Users/earthcake/Documents/e-Training/e-training/node_modules/mime-types': '/Users/earthcake/Documents/e-Training/e-training/node_modules/.mime-types-7etV5MkK',
790 silly reify   '/Users/earthcake/Documents/e-Training/e-training/node_modules/mimic-fn': '/Users/earthcake/Documents/e-Training/e-training/node_modules/.mimic-fn-jFtHZLmZ',
790 silly reify   '/Users/earthcake/Documents/e-Training/e-training/node_modules/mini-css-extract-plugin': '/Users/earthcake/Documents/e-Training/e-training/node_modules/.mini-css-extract-plugin-4hcZhTBY',
790 silly reify   '/Users/earthcake/Documents/e-Training/e-training/node_modules/minimalistic-assert': '/Users/earthcake/Documents/e-Training/e-training/node_modules/.minimalistic-assert-gG4DafFe',
790 silly reify   '/Users/earthcake/Documents/e-Training/e-training/node_modules/minimalistic-crypto-utils': '/Users/earthcake/Documents/e-Training/e-training/node_modules/.minimalistic-crypto-utils-Onw7AupA',
790 silly reify   '/Users/earthcake/Documents/e-Training/e-training/node_modules/mississippi': '/Users/earthcake/Documents/e-Training/e-training/node_modules/.mississippi-Ih8ZTW7P',
790 silly reify   '/Users/earthcake/Documents/e-Training/e-training/node_modules/mixin-deep': '/Users/earthcake/Documents/e-Training/e-training/node_modules/.mixin-deep-UOjSTNlL',
790 silly reify   '/Users/earthcake/Documents/e-Training/e-training/node_modules/mkdirp': '/Users/earthcake/Documents/e-Training/e-training/node_modules/.mkdirp-kiVMfU2p',
790 silly reify   '/Users/earthcake/Documents/e-Training/e-training/node_modules/.bin/mkdirp': '/Users/earthcake/Documents/e-Training/e-training/node_modules/.bin/.mkdirp-BPQL1Hge',
790 silly reify   '/Users/earthcake/Documents/e-Training/e-training/node_modules/move-concurrently': '/Users/earthcake/Documents/e-Training/e-training/node_modules/.move-concurrently-zPUphYmS',
790 silly reify   '/Users/earthcake/Documents/e-Training/e-training/node_modules/nan': '/Users/earthcake/Documents/e-Training/e-training/node_modules/.nan-xtmaxYgW',
790 silly reify   '/Users/earthcake/Documents/e-Training/e-training/node_modules/nanomatch': '/Users/earthcake/Documents/e-Training/e-training/node_modules/.nanomatch-6dKsMab8',
790 silly reify   '/Users/earthcake/Documents/e-Training/e-training/node_modules/native-url': '/Users/earthcake/Documents/e-Training/e-training/node_modules/.native-url-ZHWZ4KsI',
790 silly reify   '/Users/earthcake/Documents/e-Training/e-training/node_modules/negotiator': '/Users/earthcake/Documents/e-Training/e-training/node_modules/.negotiator-w1CbWl7y',
790 silly reify   '/Users/earthcake/Documents/e-Training/e-training/node_modules/neo-async': '/Users/earthcake/Documents/e-Training/e-training/node_modules/.neo-async-NtUxQrx4',
790 silly reify   '/Users/earthcake/Documents/e-Training/e-training/node_modules/next': '/Users/earthcake/Documents/e-Training/e-training/node_modules/.next-hGRNtcqr',
790 silly reify   '/Users/earthcake/Documents/e-Training/e-training/node_modules/.bin/next': '/Users/earthcake/Documents/e-Training/e-training/node_modules/.bin/.next-2o93cUXk',
790 silly reify   '/Users/earthcake/Documents/e-Training/e-training/node_modules/next-tick': '/Users/earthcake/Documents/e-Training/e-training/node_modules/.next-tick-vgFOM1E8',
790 silly reify   '/Users/earthcake/Documents/e-Training/e-training/node_modules/node-fetch': '/Users/earthcake/Documents/e-Training/e-training/node_modules/.node-fetch-ZCy9aLSE',
790 silly reify   '/Users/earthcake/Documents/e-Training/e-training/node_modules/node-libs-browser': '/Users/earthcake/Documents/e-Training/e-training/node_modules/.node-libs-browser-JhnEOHDF',
790 silly reify   '/Users/earthcake/Documents/e-Training/e-training/node_modules/normalize-html-whitespace': '/Users/earthcake/Documents/e-Training/e-training/node_modules/.normalize-html-whitespace-H8Lmfv1L',
790 silly reify   '/Users/earthcake/Documents/e-Training/e-training/node_modules/normalize-package-data': '/Users/earthcake/Documents/e-Training/e-training/node_modules/.normalize-package-data-RWlPQMig',
790 silly reify   '/Users/earthcake/Documents/e-Training/e-training/node_modules/normalize-path': '/Users/earthcake/Documents/e-Training/e-training/node_modules/.normalize-path-WOPF2CgN',
790 silly reify   '/Users/earthcake/Documents/e-Training/e-training/node_modules/normalize-range': '/Users/earthcake/Documents/e-Training/e-training/node_modules/.normalize-range-rpRta5hB',
790 silly reify   '/Users/earthcake/Documents/e-Training/e-training/node_modules/normalize-url': '/Users/earthcake/Documents/e-Training/e-training/node_modules/.normalize-url-gcRfYsGi',
790 silly reify   '/Users/earthcake/Documents/e-Training/e-training/node_modules/num2fraction': '/Users/earthcake/Documents/e-Training/e-training/node_modules/.num2fraction-S64p5Cnb',
790 silly reify   '/Users/earthcake/Documents/e-Training/e-training/node_modules/object-copy': '/Users/earthcake/Documents/e-Training/e-training/node_modules/.object-copy-h6xAsPSf',
790 silly reify   '/Users/earthcake/Documents/e-Training/e-training/node_modules/object-path': '/Users/earthcake/Documents/e-Training/e-training/node_modules/.object-path-Vr5DlOiR',
790 silly reify   '/Users/earthcake/Documents/e-Training/e-training/node_modules/object-visit': '/Users/earthcake/Documents/e-Training/e-training/node_modules/.object-visit-QrAvhtGE',
790 silly reify   '/Users/earthcake/Documents/e-Training/e-training/node_modules/object.pick': '/Users/earthcake/Documents/e-Training/e-training/node_modules/.object.pick-NgEArbUG',
790 silly reify   '/Users/earthcake/Documents/e-Training/e-training/node_modules/on-finished': '/Users/earthcake/Documents/e-Training/e-training/node_modules/.on-finished-VaitXqu5',
790 silly reify   '/Users/earthcake/Documents/e-Training/e-training/node_modules/on-headers': '/Users/earthcake/Documents/e-Training/e-training/node_modules/.on-headers-aAgmXuQi',
790 silly reify   '/Users/earthcake/Documents/e-Training/e-training/node_modules/onetime': '/Users/earthcake/Documents/e-Training/e-training/node_modules/.onetime-1eGCCNhr',
790 silly reify   '/Users/earthcake/Documents/e-Training/e-training/node_modules/ora': '/Users/earthcake/Documents/e-Training/e-training/node_modules/.ora-sAdlH3Tk',
790 silly reify   '/Users/earthcake/Documents/e-Training/e-training/node_modules/os-browserify': '/Users/earthcake/Documents/e-Training/e-training/node_modules/.os-browserify-dwCiFoBp',
790 silly reify   '/Users/earthcake/Documents/e-Training/e-training/node_modules/p-map': '/Users/earthcake/Documents/e-Training/e-training/node_modules/.p-map-pxIUMhXP',
790 silly reify   '/Users/earthcake/Documents/e-Training/e-training/node_modules/p-try': '/Users/earthcake/Documents/e-Training/e-training/node_modules/.p-try-rs6Us6GY',
790 silly reify   '/Users/earthcake/Documents/e-Training/e-training/node_modules/pako': '/Users/earthcake/Documents/e-Training/e-training/node_modules/.pako-0VZeGBzA',
790 silly reify   '/Users/earthcake/Documents/e-Training/e-training/node_modules/parallel-transform': '/Users/earthcake/Documents/e-Training/e-training/node_modules/.parallel-transform-Qm1vqnpI',
790 silly reify   '/Users/earthcake/Documents/e-Training/e-training/node_modules/parse-asn1': '/Users/earthcake/Documents/e-Training/e-training/node_modules/.parse-asn1-Qsaui63r',
790 silly reify   '/Users/earthcake/Documents/e-Training/e-training/node_modules/pascalcase': '/Users/earthcake/Documents/e-Training/e-training/node_modules/.pascalcase-4vWWllbJ',
790 silly reify   '/Users/earthcake/Documents/e-Training/e-training/node_modules/path-browserify': '/Users/earthcake/Documents/e-Training/e-training/node_modules/.path-browserify-dZQMfFpr',
790 silly reify   '/Users/earthcake/Documents/e-Training/e-training/node_modules/path-dirname': '/Users/earthcake/Documents/e-Training/e-training/node_modules/.path-dirname-oMhYwJGg',
790 silly reify   '/Users/earthcake/Documents/e-Training/e-training/node_modules/path-is-absolute': '/Users/earthcake/Documents/e-Training/e-training/node_modules/.path-is-absolute-33mKlLxx',
790 silly reify   '/Users/earthcake/Documents/e-Training/e-training/node_modules/path-is-inside': '/Users/earthcake/Documents/e-Training/e-training/node_modules/.path-is-inside-y9wRHOW2',
790 silly reify   '/Users/earthcake/Documents/e-Training/e-training/node_modules/path-to-regexp': '/Users/earthcake/Documents/e-Training/e-training/node_modules/.path-to-regexp-PHmVgefJ',
790 silly reify   '/Users/earthcake/Documents/e-Training/e-training/node_modules/path-type': '/Users/earthcake/Documents/e-Training/e-training/node_modules/.path-type-iLENg2ih',
790 silly reify   '/Users/earthcake/Documents/e-Training/e-training/node_modules/pbkdf2': '/Users/earthcake/Documents/e-Training/e-training/node_modules/.pbkdf2-o1ykxaZM',
790 silly reify   '/Users/earthcake/Documents/e-Training/e-training/node_modules/pify': '/Users/earthcake/Documents/e-Training/e-training/node_modules/.pify-4fpASOw2',
790 silly reify   '/Users/earthcake/Documents/e-Training/e-training/node_modules/pinkie': '/Users/earthcake/Documents/e-Training/e-training/node_modules/.pinkie-DWqZBzJ5',
790 silly reify   '/Users/earthcake/Documents/e-Training/e-training/node_modules/pinkie-promise': '/Users/earthcake/Documents/e-Training/e-training/node_modules/.pinkie-promise-OJMLp0uE',
790 silly reify   '/Users/earthcake/Documents/e-Training/e-training/node_modules/pkg-dir': '/Users/earthcake/Documents/e-Training/e-training/node_modules/.pkg-dir-krvuLXlK',
790 silly reify   '/Users/earthcake/Documents/e-Training/e-training/node_modules/pkg-up': '/Users/earthcake/Documents/e-Training/e-training/node_modules/.pkg-up-dpU02x38',
790 silly reify   '/Users/earthcake/Documents/e-Training/e-training/node_modules/pnp-webpack-plugin': '/Users/earthcake/Documents/e-Training/e-training/node_modules/.pnp-webpack-plugin-3tMo1X68',
790 silly reify   '/Users/earthcake/Documents/e-Training/e-training/node_modules/posix-character-classes': '/Users/earthcake/Documents/e-Training/e-training/node_modules/.posix-character-classes-O85q9qk7',
790 silly reify   '/Users/earthcake/Documents/e-Training/e-training/node_modules/postcss-attribute-case-insensitive': '/Users/earthcake/Documents/e-Training/e-training/node_modules/.postcss-attribute-case-insensitive-k0gmU4pP',
790 silly reify   '/Users/earthcake/Documents/e-Training/e-training/node_modules/postcss-color-functional-notation': '/Users/earthcake/Documents/e-Training/e-training/node_modules/.postcss-color-functional-notation-1wqpwHrN',
790 silly reify   '/Users/earthcake/Documents/e-Training/e-training/node_modules/postcss-color-gray': '/Users/earthcake/Documents/e-Training/e-training/node_modules/.postcss-color-gray-MUd4tdFZ',
790 silly reify   '/Users/earthcake/Documents/e-Training/e-training/node_modules/postcss-color-hex-alpha': '/Users/earthcake/Documents/e-Training/e-training/node_modules/.postcss-color-hex-alpha-xvzkgIIr',
790 silly reify   '/Users/earthcake/Documents/e-Training/e-training/node_modules/postcss-color-mod-function': '/Users/earthcake/Documents/e-Training/e-training/node_modules/.postcss-color-mod-function-ODAVxq0L',
790 silly reify   '/Users/earthcake/Documents/e-Training/e-training/node_modules/postcss-color-rebeccapurple': '/Users/earthcake/Documents/e-Training/e-training/node_modules/.postcss-color-rebeccapurple-GgyhvIUw',
790 silly reify   '/Users/earthcake/Documents/e-Training/e-training/node_modules/postcss-custom-media': '/Users/earthcake/Documents/e-Training/e-training/node_modules/.postcss-custom-media-eF144lt8',
790 silly reify   '/Users/earthcake/Documents/e-Training/e-training/node_modules/postcss-custom-properties': '/Users/earthcake/Documents/e-Training/e-training/node_modules/.postcss-custom-properties-n7pExQpg',
790 silly reify   '/Users/earthcake/Documents/e-Training/e-training/node_modules/postcss-custom-selectors': '/Users/earthcake/Documents/e-Training/e-training/node_modules/.postcss-custom-selectors-7AELdyVR',
790 silly reify   '/Users/earthcake/Documents/e-Training/e-training/node_modules/postcss-dir-pseudo-class': '/Users/earthcake/Documents/e-Training/e-training/node_modules/.postcss-dir-pseudo-class-veQzh0he',
790 silly reify   '/Users/earthcake/Documents/e-Training/e-training/node_modules/postcss-double-position-gradients': '/Users/earthcake/Documents/e-Training/e-training/node_modules/.postcss-double-position-gradients-iz073lXp',
790 silly reify   '/Users/earthcake/Documents/e-Training/e-training/node_modules/postcss-env-function': '/Users/earthcake/Documents/e-Training/e-training/node_modules/.postcss-env-function-cIxilLBJ',
790 silly reify   '/Users/earthcake/Documents/e-Training/e-training/node_modules/postcss-flexbugs-fixes': '/Users/earthcake/Documents/e-Training/e-training/node_modules/.postcss-flexbugs-fixes-Ju4BFJqN',
790 silly reify   '/Users/earthcake/Documents/e-Training/e-training/node_modules/postcss-focus-visible': '/Users/earthcake/Documents/e-Training/e-training/node_modules/.postcss-focus-visible-TgXqxt6o',
790 silly reify   '/Users/earthcake/Documents/e-Training/e-training/node_modules/postcss-focus-within': '/Users/earthcake/Documents/e-Training/e-training/node_modules/.postcss-focus-within-44vFnfYP',
790 silly reify   '/Users/earthcake/Documents/e-Training/e-training/node_modules/postcss-font-variant': '/Users/earthcake/Documents/e-Training/e-training/node_modules/.postcss-font-variant-bguZxVZk',
790 silly reify   '/Users/earthcake/Documents/e-Training/e-training/node_modules/postcss-gap-properties': '/Users/earthcake/Documents/e-Training/e-training/node_modules/.postcss-gap-properties-n4iiPgi6',
790 silly reify   '/Users/earthcake/Documents/e-Training/e-training/node_modules/postcss-image-set-function': '/Users/earthcake/Documents/e-Training/e-training/node_modules/.postcss-image-set-function-cEHOXFP7',
790 silly reify   '/Users/earthcake/Documents/e-Training/e-training/node_modules/postcss-initial': '/Users/earthcake/Documents/e-Training/e-training/node_modules/.postcss-initial-h4xYWp85',
790 silly reify   '/Users/earthcake/Documents/e-Training/e-training/node_modules/postcss-lab-function': '/Users/earthcake/Documents/e-Training/e-training/node_modules/.postcss-lab-function-3Vt9faVy',
790 silly reify   '/Users/earthcake/Documents/e-Training/e-training/node_modules/postcss-load-config': '/Users/earthcake/Documents/e-Training/e-training/node_modules/.postcss-load-config-tNcZzSdh',
790 silly reify   '/Users/earthcake/Documents/e-Training/e-training/node_modules/postcss-loader': '/Users/earthcake/Documents/e-Training/e-training/node_modules/.postcss-loader-13So3Rtu',
790 silly reify   '/Users/earthcake/Documents/e-Training/e-training/node_modules/postcss-logical': '/Users/earthcake/Documents/e-Training/e-training/node_modules/.postcss-logical-Z6wAl4R0',
790 silly reify   '/Users/earthcake/Documents/e-Training/e-training/node_modules/postcss-media-minmax': '/Users/earthcake/Documents/e-Training/e-training/node_modules/.postcss-media-minmax-3t30XXpG',
790 silly reify   '/Users/earthcake/Documents/e-Training/e-training/node_modules/postcss-modules-extract-imports': '/Users/earthcake/Documents/e-Training/e-training/node_modules/.postcss-modules-extract-imports-ym7WUS8f',
790 silly reify   '/Users/earthcake/Documents/e-Training/e-training/node_modules/postcss-modules-local-by-default': '/Users/earthcake/Documents/e-Training/e-training/node_modules/.postcss-modules-local-by-default-6dd1ttBU',
790 silly reify   '/Users/earthcake/Documents/e-Training/e-training/node_modules/postcss-modules-scope': '/Users/earthcake/Documents/e-Training/e-training/node_modules/.postcss-modules-scope-Ob8bCSPO',
790 silly reify   '/Users/earthcake/Documents/e-Training/e-training/node_modules/postcss-modules-values': '/Users/earthcake/Documents/e-Training/e-training/node_modules/.postcss-modules-values-BtdJ6ly0',
790 silly reify   '/Users/earthcake/Documents/e-Training/e-training/node_modules/postcss-nesting': '/Users/earthcake/Documents/e-Training/e-training/node_modules/.postcss-nesting-VyghQmBu',
790 silly reify   '/Users/earthcake/Documents/e-Training/e-training/node_modules/postcss-overflow-shorthand': '/Users/earthcake/Documents/e-Training/e-training/node_modules/.postcss-overflow-shorthand-IRsmk8kQ',
790 silly reify   '/Users/earthcake/Documents/e-Training/e-training/node_modules/postcss-page-break': '/Users/earthcake/Documents/e-Training/e-training/node_modules/.postcss-page-break-n2C1tU5U',
790 silly reify   '/Users/earthcake/Documents/e-Training/e-training/node_modules/postcss-place': '/Users/earthcake/Documents/e-Training/e-training/node_modules/.postcss-place-u2KYo39y',
790 silly reify   '/Users/earthcake/Documents/e-Training/e-training/node_modules/postcss-preset-env': '/Users/earthcake/Documents/e-Training/e-training/node_modules/.postcss-preset-env-DVUlZlNx',
790 silly reify   '/Users/earthcake/Documents/e-Training/e-training/node_modules/postcss-pseudo-class-any-link': '/Users/earthcake/Documents/e-Training/e-training/node_modules/.postcss-pseudo-class-any-link-GrJ385zH',
790 silly reify   '/Users/earthcake/Documents/e-Training/e-training/node_modules/postcss-replace-overflow-wrap': '/Users/earthcake/Documents/e-Training/e-training/node_modules/.postcss-replace-overflow-wrap-Ff99JC1z',
790 silly reify   '/Users/earthcake/Documents/e-Training/e-training/node_modules/postcss-selector-matches': '/Users/earthcake/Documents/e-Training/e-training/node_modules/.postcss-selector-matches-Cmosmous',
790 silly reify   '/Users/earthcake/Documents/e-Training/e-training/node_modules/postcss-selector-not': '/Users/earthcake/Documents/e-Training/e-training/node_modules/.postcss-selector-not-h7rl4lA2',
790 silly reify   '/Users/earthcake/Documents/e-Training/e-training/node_modules/postcss-selector-parser': '/Users/earthcake/Documents/e-Training/e-training/node_modules/.postcss-selector-parser-qyXCRuS8',
790 silly reify   '/Users/earthcake/Documents/e-Training/e-training/node_modules/postcss-value-parser': '/Users/earthcake/Documents/e-Training/e-training/node_modules/.postcss-value-parser-fSlYg3vV',
790 silly reify   '/Users/earthcake/Documents/e-Training/e-training/node_modules/postcss-values-parser': '/Users/earthcake/Documents/e-Training/e-training/node_modules/.postcss-values-parser-pDwIEqkG',
790 silly reify   '/Users/earthcake/Documents/e-Training/e-training/node_modules/prepend-http': '/Users/earthcake/Documents/e-Training/e-training/node_modules/.prepend-http-hR3ogPBI',
790 silly reify   '/Users/earthcake/Documents/e-Training/e-training/node_modules/private': '/Users/earthcake/Documents/e-Training/e-training/node_modules/.private-9NcIXxxw',
790 silly reify   '/Users/earthcake/Documents/e-Training/e-training/node_modules/process': '/Users/earthcake/Documents/e-Training/e-training/node_modules/.process-zn2Qg6dY',
790 silly reify   '/Users/earthcake/Documents/e-Training/e-training/node_modules/process-nextick-args': '/Users/earthcake/Documents/e-Training/e-training/node_modules/.process-nextick-args-LCPc6DFa',
790 silly reify   '/Users/earthcake/Documents/e-Training/e-training/node_modules/promise': '/Users/earthcake/Documents/e-Training/e-training/node_modules/.promise-3AlC0Zmy',
790 silly reify   '/Users/earthcake/Documents/e-Training/e-training/node_modules/promise-inflight': '/Users/earthcake/Documents/e-Training/e-training/node_modules/.promise-inflight-vlZm5SUa',
790 silly reify   '/Users/earthcake/Documents/e-Training/e-training/node_modules/prop-types-exact': '/Users/earthcake/Documents/e-Training/e-training/node_modules/.prop-types-exact-x8cE4v3w',
790 silly reify   '/Users/earthcake/Documents/e-Training/e-training/node_modules/prr': '/Users/earthcake/Documents/e-Training/e-training/node_modules/.prr-495aH3eO',
790 silly reify   '/Users/earthcake/Documents/e-Training/e-training/node_modules/public-encrypt': '/Users/earthcake/Documents/e-Training/e-training/node_modules/.public-encrypt-JCz80PLu',
790 silly reify   '/Users/earthcake/Documents/e-Training/e-training/node_modules/pumpify': '/Users/earthcake/Documents/e-Training/e-training/node_modules/.pumpify-ieed8QA0',
790 silly reify   '/Users/earthcake/Documents/e-Training/e-training/node_modules/query-string': '/Users/earthcake/Documents/e-Training/e-training/node_modules/.query-string-y0CxzrNd',
790 silly reify   '/Users/earthcake/Documents/e-Training/e-training/node_modules/querystring': '/Users/earthcake/Documents/e-Training/e-training/node_modules/.querystring-gUyAb2rf',
790 silly reify   '/Users/earthcake/Documents/e-Training/e-training/node_modules/querystring-es3': '/Users/earthcake/Documents/e-Training/e-training/node_modules/.querystring-es3-ySOSYdwC',
790 silly reify   '/Users/earthcake/Documents/e-Training/e-training/node_modules/randombytes': '/Users/earthcake/Documents/e-Training/e-training/node_modules/.randombytes-zSTaWkco',
790 silly reify   '/Users/earthcake/Documents/e-Training/e-training/node_modules/randomfill': '/Users/earthcake/Documents/e-Training/e-training/node_modules/.randomfill-httODyLx',
790 silly reify   '/Users/earthcake/Documents/e-Training/e-training/node_modules/range-parser': '/Users/earthcake/Documents/e-Training/e-training/node_modules/.range-parser-HLrnOFT0',
790 silly reify   '/Users/earthcake/Documents/e-Training/e-training/node_modules/raw-body': '/Users/earthcake/Documents/e-Training/e-training/node_modules/.raw-body-tD7n7zdJ',
790 silly reify   '/Users/earthcake/Documents/e-Training/e-training/node_modules/react-error-overlay': '/Users/earthcake/Documents/e-Training/e-training/node_modules/.react-error-overlay-OuzsMJwA',
790 silly reify   '/Users/earthcake/Documents/e-Training/e-training/node_modules/read-pkg': '/Users/earthcake/Documents/e-Training/e-training/node_modules/.read-pkg-Qg4KLlir',
790 silly reify   '/Users/earthcake/Documents/e-Training/e-training/node_modules/readable-stream': '/Users/earthcake/Documents/e-Training/e-training/node_modules/.readable-stream-ZAYbZOo4',
790 silly reify   '/Users/earthcake/Documents/e-Training/e-training/node_modules/recast': '/Users/earthcake/Documents/e-Training/e-training/node_modules/.recast-X4XvGG3c',
790 silly reify   '/Users/earthcake/Documents/e-Training/e-training/node_modules/reflect.ownkeys': '/Users/earthcake/Documents/e-Training/e-training/node_modules/.reflect.ownkeys-SqisB9ap',
790 silly reify   '/Users/earthcake/Documents/e-Training/e-training/node_modules/regenerate': '/Users/earthcake/Documents/e-Training/e-training/node_modules/.regenerate-e2Num7xq',
790 silly reify   '/Users/earthcake/Documents/e-Training/e-training/node_modules/regenerate-unicode-properties': '/Users/earthcake/Documents/e-Training/e-training/node_modules/.regenerate-unicode-properties-TkE9NsSn',
790 silly reify   '/Users/earthcake/Documents/e-Training/e-training/node_modules/regenerator-runtime': '/Users/earthcake/Documents/e-Training/e-training/node_modules/.regenerator-runtime-2cYvEKrc',
790 silly reify   '/Users/earthcake/Documents/e-Training/e-training/node_modules/regex-not': '/Users/earthcake/Documents/e-Training/e-training/node_modules/.regex-not-Yxip2chq',
790 silly reify   '/Users/earthcake/Documents/e-Training/e-training/node_modules/regex-parser': '/Users/earthcake/Documents/e-Training/e-training/node_modules/.regex-parser-43bnmyuq',
790 silly reify   '/Users/earthcake/Documents/e-Training/e-training/node_modules/regexpu-core': '/Users/earthcake/Documents/e-Training/e-training/node_modules/.regexpu-core-hzhwEHpr',
790 silly reify   '/Users/earthcake/Documents/e-Training/e-training/node_modules/regjsgen': '/Users/earthcake/Documents/e-Training/e-training/node_modules/.regjsgen-25G9ZVy1',
790 silly reify   '/Users/earthcake/Documents/e-Training/e-training/node_modules/regjsparser': '/Users/earthcake/Documents/e-Training/e-training/node_modules/.regjsparser-t4MwhMjN',
790 silly reify   '/Users/earthcake/Documents/e-Training/e-training/node_modules/.bin/regjsparser': '/Users/earthcake/Documents/e-Training/e-training/node_modules/.bin/.regjsparser-7u7YLTAB',
790 silly reify   '/Users/earthcake/Documents/e-Training/e-training/node_modules/remove-trailing-separator': '/Users/earthcake/Documents/e-Training/e-training/node_modules/.remove-trailing-separator-nd2MsctS',
790 silly reify   '/Users/earthcake/Documents/e-Training/e-training/node_modules/repeat-element': '/Users/earthcake/Documents/e-Training/e-training/node_modules/.repeat-element-xdoYrIBk',
790 silly reify   '/Users/earthcake/Documents/e-Training/e-training/node_modules/repeat-string': '/Users/earthcake/Documents/e-Training/e-training/node_modules/.repeat-string-Wm2akzz7',
790 silly reify   '/Users/earthcake/Documents/e-Training/e-training/node_modules/requires-port': '/Users/earthcake/Documents/e-Training/e-training/node_modules/.requires-port-GgXfqZkQ',
790 silly reify   '/Users/earthcake/Documents/e-Training/e-training/node_modules/resolve-url': '/Users/earthcake/Documents/e-Training/e-training/node_modules/.resolve-url-X0EtCVCR',
790 silly reify   '/Users/earthcake/Documents/e-Training/e-training/node_modules/resolve-url-loader': '/Users/earthcake/Documents/e-Training/e-training/node_modules/.resolve-url-loader-TxnEZZra',
790 silly reify   '/Users/earthcake/Documents/e-Training/e-training/node_modules/restore-cursor': '/Users/earthcake/Documents/e-Training/e-training/node_modules/.restore-cursor-drteEU2r',
790 silly reify   '/Users/earthcake/Documents/e-Training/e-training/node_modules/ret': '/Users/earthcake/Documents/e-Training/e-training/node_modules/.ret-j5lxvarL',
790 silly reify   '/Users/earthcake/Documents/e-Training/e-training/node_modules/retry': '/Users/earthcake/Documents/e-Training/e-training/node_modules/.retry-yeqTGuH4',
790 silly reify   '/Users/earthcake/Documents/e-Training/e-training/node_modules/rework': '/Users/earthcake/Documents/e-Training/e-training/node_modules/.rework-J5I4G1RZ',
790 silly reify   '/Users/earthcake/Documents/e-Training/e-training/node_modules/rework-visit': '/Users/earthcake/Documents/e-Training/e-training/node_modules/.rework-visit-orXikbuq',
790 silly reify   '/Users/earthcake/Documents/e-Training/e-training/node_modules/rimraf': '/Users/earthcake/Documents/e-Training/e-training/node_modules/.rimraf-nnfBklzG',
790 silly reify   '/Users/earthcake/Documents/e-Training/e-training/node_modules/.bin/rimraf': '/Users/earthcake/Documents/e-Training/e-training/node_modules/.bin/.rimraf-hNMXlUPB',
790 silly reify   '/Users/earthcake/Documents/e-Training/e-training/node_modules/ripemd160': '/Users/earthcake/Documents/e-Training/e-training/node_modules/.ripemd160-wivUgM2Y',
790 silly reify   '/Users/earthcake/Documents/e-Training/e-training/node_modules/run-queue': '/Users/earthcake/Documents/e-Training/e-training/node_modules/.run-queue-nLWORZTY',
790 silly reify   '/Users/earthcake/Documents/e-Training/e-training/node_modules/safe-buffer': '/Users/earthcake/Documents/e-Training/e-training/node_modules/.safe-buffer-TWSPcsDR',
790 silly reify   '/Users/earthcake/Documents/e-Training/e-training/node_modules/safe-regex': '/Users/earthcake/Documents/e-Training/e-training/node_modules/.safe-regex-5UvdmKFX',
790 silly reify   '/Users/earthcake/Documents/e-Training/e-training/node_modules/safer-buffer': '/Users/earthcake/Documents/e-Training/e-training/node_modules/.safer-buffer-H1GZjCPW',
790 silly reify   '/Users/earthcake/Documents/e-Training/e-training/node_modules/sass-loader': '/Users/earthcake/Documents/e-Training/e-training/node_modules/.sass-loader-LrWsd74N',
790 silly reify   '/Users/earthcake/Documents/e-Training/e-training/node_modules/schema-utils': '/Users/earthcake/Documents/e-Training/e-training/node_modules/.schema-utils-636WyNjc',
790 silly reify   '/Users/earthcake/Documents/e-Training/e-training/node_modules/send': '/Users/earthcake/Documents/e-Training/e-training/node_modules/.send-sEPuaxfX',
790 silly reify   '/Users/earthcake/Documents/e-Training/e-training/node_modules/serialize-javascript': '/Users/earthcake/Documents/e-Training/e-training/node_modules/.serialize-javascript-vi42bREF',
790 silly reify   '/Users/earthcake/Documents/e-Training/e-training/node_modules/set-value': '/Users/earthcake/Documents/e-Training/e-training/node_modules/.set-value-jzGlSvs3',
790 silly reify   '/Users/earthcake/Documents/e-Training/e-training/node_modules/setimmediate': '/Users/earthcake/Documents/e-Training/e-training/node_modules/.setimmediate-UuktI5y3',
790 silly reify   '/Users/earthcake/Documents/e-Training/e-training/node_modules/setprototypeof': '/Users/earthcake/Documents/e-Training/e-training/node_modules/.setprototypeof-xeTG0baH',
790 silly reify   '/Users/earthcake/Documents/e-Training/e-training/node_modules/sha.js': '/Users/earthcake/Documents/e-Training/e-training/node_modules/.sha.js-RcwVjFLu',
790 silly reify   '/Users/earthcake/Documents/e-Training/e-training/node_modules/.bin/sha.js': '/Users/earthcake/Documents/e-Training/e-training/node_modules/.bin/.sha.js-mcDxd0bF',
790 silly reify   '/Users/earthcake/Documents/e-Training/e-training/node_modules/shallow-clone': '/Users/earthcake/Documents/e-Training/e-training/node_modules/.shallow-clone-f6eyc8Jc',
790 silly reify   '/Users/earthcake/Documents/e-Training/e-training/node_modules/shell-quote': '/Users/earthcake/Documents/e-Training/e-training/node_modules/.shell-quote-vw3dfp1a',
790 silly reify   '/Users/earthcake/Documents/e-Training/e-training/node_modules/signal-exit': '/Users/earthcake/Documents/e-Training/e-training/node_modules/.signal-exit-5gEjvkjz',
790 silly reify   '/Users/earthcake/Documents/e-Training/e-training/node_modules/snapdragon': '/Users/earthcake/Documents/e-Training/e-training/node_modules/.snapdragon-7kQxEyBy',
790 silly reify   '/Users/earthcake/Documents/e-Training/e-training/node_modules/snapdragon-node': '/Users/earthcake/Documents/e-Training/e-training/node_modules/.snapdragon-node-G9iIdS9x',
790 silly reify   '/Users/earthcake/Documents/e-Training/e-training/node_modules/snapdragon-util': '/Users/earthcake/Documents/e-Training/e-training/node_modules/.snapdragon-util-P2fQNcWa',
790 silly reify   '/Users/earthcake/Documents/e-Training/e-training/node_modules/sort-keys': '/Users/earthcake/Documents/e-Training/e-training/node_modules/.sort-keys-YtlYXmlS',
790 silly reify   '/Users/earthcake/Documents/e-Training/e-training/node_modules/source-list-map': '/Users/earthcake/Documents/e-Training/e-training/node_modules/.source-list-map-RXO5X5GU',
790 silly reify   '/Users/earthcake/Documents/e-Training/e-training/node_modules/source-map-resolve': '/Users/earthcake/Documents/e-Training/e-training/node_modules/.source-map-resolve-QWBu3WgG',
790 silly reify   '/Users/earthcake/Documents/e-Training/e-training/node_modules/source-map-support': '/Users/earthcake/Documents/e-Training/e-training/node_modules/.source-map-support-yWGugSlg',
790 silly reify   '/Users/earthcake/Documents/e-Training/e-training/node_modules/source-map-url': '/Users/earthcake/Documents/e-Training/e-training/node_modules/.source-map-url-di8dyKBE',
790 silly reify   '/Users/earthcake/Documents/e-Training/e-training/node_modules/spdx-correct': '/Users/earthcake/Documents/e-Training/e-training/node_modules/.spdx-correct-thxMZT0I',
790 silly reify   '/Users/earthcake/Documents/e-Training/e-training/node_modules/spdx-exceptions': '/Users/earthcake/Documents/e-Training/e-training/node_modules/.spdx-exceptions-YzqHiA2s',
790 silly reify   '/Users/earthcake/Documents/e-Training/e-training/node_modules/spdx-expression-parse': '/Users/earthcake/Documents/e-Training/e-training/node_modules/.spdx-expression-parse-zH238cGG',
790 silly reify   '/Users/earthcake/Documents/e-Training/e-training/node_modules/spdx-license-ids': '/Users/earthcake/Documents/e-Training/e-training/node_modules/.spdx-license-ids-2jX3HsmB',
790 silly reify   '/Users/earthcake/Documents/e-Training/e-training/node_modules/split-string': '/Users/earthcake/Documents/e-Training/e-training/node_modules/.split-string-HFRS2u57',
790 silly reify   '/Users/earthcake/Documents/e-Training/e-training/node_modules/sprintf-js': '/Users/earthcake/Documents/e-Training/e-training/node_modules/.sprintf-js-Xme4s9mj',
790 silly reify   '/Users/earthcake/Documents/e-Training/e-training/node_modules/ssri': '/Users/earthcake/Documents/e-Training/e-training/node_modules/.ssri-ohaVyDk7',
790 silly reify   '/Users/earthcake/Documents/e-Training/e-training/node_modules/static-extend': '/Users/earthcake/Documents/e-Training/e-training/node_modules/.static-extend-TIyaAmXt',
790 silly reify   '/Users/earthcake/Documents/e-Training/e-training/node_modules/statuses': '/Users/earthcake/Documents/e-Training/e-training/node_modules/.statuses-8ITPYTP9',
790 silly reify   '/Users/earthcake/Documents/e-Training/e-training/node_modules/stream-browserify': '/Users/earthcake/Documents/e-Training/e-training/node_modules/.stream-browserify-jUaLkNbi',
790 silly reify   '/Users/earthcake/Documents/e-Training/e-training/node_modules/stream-each': '/Users/earthcake/Documents/e-Training/e-training/node_modules/.stream-each-PHcgIusN',
790 silly reify   '/Users/earthcake/Documents/e-Training/e-training/node_modules/stream-http': '/Users/earthcake/Documents/e-Training/e-training/node_modules/.stream-http-nAGwYhbG',
790 silly reify   '/Users/earthcake/Documents/e-Training/e-training/node_modules/stream-shift': '/Users/earthcake/Documents/e-Training/e-training/node_modules/.stream-shift-U6dYlEeC',
790 silly reify   '/Users/earthcake/Documents/e-Training/e-training/node_modules/strict-uri-encode': '/Users/earthcake/Documents/e-Training/e-training/node_modules/.strict-uri-encode-11T00ddv',
790 silly reify   '/Users/earthcake/Documents/e-Training/e-training/node_modules/string_decoder': '/Users/earthcake/Documents/e-Training/e-training/node_modules/.string_decoder-RWma9f2h',
790 silly reify   '/Users/earthcake/Documents/e-Training/e-training/node_modules/string-hash': '/Users/earthcake/Documents/e-Training/e-training/node_modules/.string-hash-pHzTneMx',
790 silly reify   '/Users/earthcake/Documents/e-Training/e-training/node_modules/style-loader': '/Users/earthcake/Documents/e-Training/e-training/node_modules/.style-loader-5yZ064xS',
790 silly reify   '/Users/earthcake/Documents/e-Training/e-training/node_modules/stylis': '/Users/earthcake/Documents/e-Training/e-training/node_modules/.stylis-IJX9JId0',
790 silly reify   '/Users/earthcake/Documents/e-Training/e-training/node_modules/stylis-rule-sheet': '/Users/earthcake/Documents/e-Training/e-training/node_modules/.stylis-rule-sheet-v9iponUq',
790 silly reify   '/Users/earthcake/Documents/e-Training/e-training/node_modules/terser': '/Users/earthcake/Documents/e-Training/e-training/node_modules/.terser-LYGSXNA6',
790 silly reify   '/Users/earthcake/Documents/e-Training/e-training/node_modules/.bin/terser': '/Users/earthcake/Documents/e-Training/e-training/node_modules/.bin/.terser-mHv9y9MO',
790 silly reify   '/Users/earthcake/Documents/e-Training/e-training/node_modules/terser-webpack-plugin': '/Users/earthcake/Documents/e-Training/e-training/node_modules/.terser-webpack-plugin-dqUCixTI',
790 silly reify   '/Users/earthcake/Documents/e-Training/e-training/node_modules/thread-loader': '/Users/earthcake/Documents/e-Training/e-training/node_modules/.thread-loader-bafieMw7',
790 silly reify   '/Users/earthcake/Documents/e-Training/e-training/node_modules/through2': '/Users/earthcake/Documents/e-Training/e-training/node_modules/.through2-VrdGi2Zl',
790 silly reify   '/Users/earthcake/Documents/e-Training/e-training/node_modules/timers-browserify': '/Users/earthcake/Documents/e-Training/e-training/node_modules/.timers-browserify-HrlO6m7c',
790 silly reify   '/Users/earthcake/Documents/e-Training/e-training/node_modules/to-arraybuffer': '/Users/earthcake/Documents/e-Training/e-training/node_modules/.to-arraybuffer-2z1ZrrF1',
790 silly reify   '/Users/earthcake/Documents/e-Training/e-training/node_modules/to-buffer': '/Users/earthcake/Documents/e-Training/e-training/node_modules/.to-buffer-AIBGKcom',
790 silly reify   '/Users/earthcake/Documents/e-Training/e-training/node_modules/to-fast-properties': '/Users/earthcake/Documents/e-Training/e-training/node_modules/.to-fast-properties-QJ58uqP1',
790 silly reify   '/Users/earthcake/Documents/e-Training/e-training/node_modules/to-object-path': '/Users/earthcake/Documents/e-Training/e-training/node_modules/.to-object-path-825OdZnZ',
790 silly reify   '/Users/earthcake/Documents/e-Training/e-training/node_modules/to-regex': '/Users/earthcake/Documents/e-Training/e-training/node_modules/.to-regex-eR8qpKJZ',
790 silly reify   '/Users/earthcake/Documents/e-Training/e-training/node_modules/toidentifier': '/Users/earthcake/Documents/e-Training/e-training/node_modules/.toidentifier-9qBGRL6J',
790 silly reify   '/Users/earthcake/Documents/e-Training/e-training/node_modules/tr46': '/Users/earthcake/Documents/e-Training/e-training/node_modules/.tr46-s3T1Lqb8',
790 silly reify   '/Users/earthcake/Documents/e-Training/e-training/node_modules/traverse': '/Users/earthcake/Documents/e-Training/e-training/node_modules/.traverse-BC6OAJSR',
790 silly reify   '/Users/earthcake/Documents/e-Training/e-training/node_modules/ts-pnp': '/Users/earthcake/Documents/e-Training/e-training/node_modules/.ts-pnp-391J3ot4',
790 silly reify   '/Users/earthcake/Documents/e-Training/e-training/node_modules/tty-browserify': '/Users/earthcake/Documents/e-Training/e-training/node_modules/.tty-browserify-BZ6FOMwB',
790 silly reify   '/Users/earthcake/Documents/e-Training/e-training/node_modules/type': '/Users/earthcake/Documents/e-Training/e-training/node_modules/.type-mwADClKx',
790 silly reify   '/Users/earthcake/Documents/e-Training/e-training/node_modules/typedarray': '/Users/earthcake/Documents/e-Training/e-training/node_modules/.typedarray-jglUElBI',
790 silly reify   '/Users/earthcake/Documents/e-Training/e-training/node_modules/typedarray-to-buffer': '/Users/earthcake/Documents/e-Training/e-training/node_modules/.typedarray-to-buffer-QIk9sKHl',
790 silly reify   '/Users/earthcake/Documents/e-Training/e-training/node_modules/unfetch': '/Users/earthcake/Documents/e-Training/e-training/node_modules/.unfetch-uXLiWXMh',
790 silly reify   '/Users/earthcake/Documents/e-Training/e-training/node_modules/unicode-canonical-property-names-ecmascript': '/Users/earthcake/Documents/e-Training/e-training/node_modules/.unicode-canonical-property-names-ecmascript-YSy6fRI5',
790 silly reify   '/Users/earthcake/Documents/e-Training/e-training/node_modules/unicode-match-property-ecmascript': '/Users/earthcake/Documents/e-Training/e-training/node_modules/.unicode-match-property-ecmascript-ROltLuNW',
790 silly reify   '/Users/earthcake/Documents/e-Training/e-training/node_modules/unicode-match-property-value-ecmascript': '/Users/earthcake/Documents/e-Training/e-training/node_modules/.unicode-match-property-value-ecmascript-YV0G4GVP',
790 silly reify   '/Users/earthcake/Documents/e-Training/e-training/node_modules/unicode-property-aliases-ecmascript': '/Users/earthcake/Documents/e-Training/e-training/node_modules/.unicode-property-aliases-ecmascript-EFEhWKFL',
790 silly reify   '/Users/earthcake/Documents/e-Training/e-training/node_modules/union-value': '/Users/earthcake/Documents/e-Training/e-training/node_modules/.union-value-LsbvmMKP',
790 silly reify   '/Users/earthcake/Documents/e-Training/e-training/node_modules/uniq': '/Users/earthcake/Documents/e-Training/e-training/node_modules/.uniq-LQhwSJlc',
790 silly reify   '/Users/earthcake/Documents/e-Training/e-training/node_modules/unique-filename': '/Users/earthcake/Documents/e-Training/e-training/node_modules/.unique-filename-XRhPTXrR',
790 silly reify   '/Users/earthcake/Documents/e-Training/e-training/node_modules/unique-slug': '/Users/earthcake/Documents/e-Training/e-training/node_modules/.unique-slug-9yusC4Pm',
790 silly reify   '/Users/earthcake/Documents/e-Training/e-training/node_modules/unpipe': '/Users/earthcake/Documents/e-Training/e-training/node_modules/.unpipe-uucaRKFP',
790 silly reify   '/Users/earthcake/Documents/e-Training/e-training/node_modules/unset-value': '/Users/earthcake/Documents/e-Training/e-training/node_modules/.unset-value-jShDOmOB',
790 silly reify   '/Users/earthcake/Documents/e-Training/e-training/node_modules/upath': '/Users/earthcake/Documents/e-Training/e-training/node_modules/.upath-vy5y1SrO',
790 silly reify   '/Users/earthcake/Documents/e-Training/e-training/node_modules/urix': '/Users/earthcake/Documents/e-Training/e-training/node_modules/.urix-IfjijyyL',
790 silly reify   '/Users/earthcake/Documents/e-Training/e-training/node_modules/url': '/Users/earthcake/Documents/e-Training/e-training/node_modules/.url-KLhFVqWT',
790 silly reify   '/Users/earthcake/Documents/e-Training/e-training/node_modules/use': '/Users/earthcake/Documents/e-Training/e-training/node_modules/.use-mwhLvmI2',
790 silly reify   '/Users/earthcake/Documents/e-Training/e-training/node_modules/util': '/Users/earthcake/Documents/e-Training/e-training/node_modules/.util-w6LElv57',
790 silly reify   '/Users/earthcake/Documents/e-Training/e-training/node_modules/util-deprecate': '/Users/earthcake/Documents/e-Training/e-training/node_modules/.util-deprecate-0tYZAuPS',
790 silly reify   '/Users/earthcake/Documents/e-Training/e-training/node_modules/validate-npm-package-license': '/Users/earthcake/Documents/e-Training/e-training/node_modules/.validate-npm-package-license-zjsTMta8',
790 silly reify   '/Users/earthcake/Documents/e-Training/e-training/node_modules/vary': '/Users/earthcake/Documents/e-Training/e-training/node_modules/.vary-xdxoL0kE',
790 silly reify   '/Users/earthcake/Documents/e-Training/e-training/node_modules/vm-browserify': '/Users/earthcake/Documents/e-Training/e-training/node_modules/.vm-browserify-WohdOLEI',
790 silly reify   '/Users/earthcake/Documents/e-Training/e-training/node_modules/watchpack': '/Users/earthcake/Documents/e-Training/e-training/node_modules/.watchpack-gFZPQsnf',
790 silly reify   '/Users/earthcake/Documents/e-Training/e-training/node_modules/watchpack-chokidar2': '/Users/earthcake/Documents/e-Training/e-training/node_modules/.watchpack-chokidar2-FTzxpPRK',
790 silly reify   '/Users/earthcake/Documents/e-Training/e-training/node_modules/wcwidth': '/Users/earthcake/Documents/e-Training/e-training/node_modules/.wcwidth-Bi9x6IK9',
790 silly reify   '/Users/earthcake/Documents/e-Training/e-training/node_modules/webidl-conversions': '/Users/earthcake/Documents/e-Training/e-training/node_modules/.webidl-conversions-u8I1OOlQ',
790 silly reify   '/Users/earthcake/Documents/e-Training/e-training/node_modules/webpack': '/Users/earthcake/Documents/e-Training/e-training/node_modules/.webpack-ruPfuirU',
790 silly reify   '/Users/earthcake/Documents/e-Training/e-training/node_modules/.bin/webpack': '/Users/earthcake/Documents/e-Training/e-training/node_modules/.bin/.webpack-SV7xlDKf',
790 silly reify   '/Users/earthcake/Documents/e-Training/e-training/node_modules/webpack-dev-middleware': '/Users/earthcake/Documents/e-Training/e-training/node_modules/.webpack-dev-middleware-DXm2Tiay',
790 silly reify   '/Users/earthcake/Documents/e-Training/e-training/node_modules/webpack-hot-middleware': '/Users/earthcake/Documents/e-Training/e-training/node_modules/.webpack-hot-middleware-Z9UrvEdx',
790 silly reify   '/Users/earthcake/Documents/e-Training/e-training/node_modules/webpack-log': '/Users/earthcake/Documents/e-Training/e-training/node_modules/.webpack-log-Q3cBV0WK',
790 silly reify   '/Users/earthcake/Documents/e-Training/e-training/node_modules/webpack-merge': '/Users/earthcake/Documents/e-Training/e-training/node_modules/.webpack-merge-zeqQYBRj',
790 silly reify   '/Users/earthcake/Documents/e-Training/e-training/node_modules/webpack-sources': '/Users/earthcake/Documents/e-Training/e-training/node_modules/.webpack-sources-RR15RJ98',
790 silly reify   '/Users/earthcake/Documents/e-Training/e-training/node_modules/whatwg-url': '/Users/earthcake/Documents/e-Training/e-training/node_modules/.whatwg-url-AJBqh7WW',
790 silly reify   '/Users/earthcake/Documents/e-Training/e-training/node_modules/worker-farm': '/Users/earthcake/Documents/e-Training/e-training/node_modules/.worker-farm-xK1s1Cst',
790 silly reify   '/Users/earthcake/Documents/e-Training/e-training/node_modules/worker-rpc': '/Users/earthcake/Documents/e-Training/e-training/node_modules/.worker-rpc-K64JedzU',
790 silly reify   '/Users/earthcake/Documents/e-Training/e-training/node_modules/write-file-atomic': '/Users/earthcake/Documents/e-Training/e-training/node_modules/.write-file-atomic-ZopNfRzt',
790 silly reify   '/Users/earthcake/Documents/e-Training/e-training/node_modules/xtend': '/Users/earthcake/Documents/e-Training/e-training/node_modules/.xtend-YvhCjmE1'
790 silly reify }
791 verbose stack Error: EACCES: permission denied, rename '/Users/earthcake/Documents/e-Training/e-training/node_modules/@ampproject/toolbox-core' -> '/Users/earthcake/Documents/e-Training/e-training/node_modules/@ampproject/.toolbox-core-jzKyBKyA'
791 verbose stack     at async Object.rename (node:internal/fs/promises:786:10)
791 verbose stack     at async moveFile (/Users/earthcake/.nvm/versions/node/v22.20.0/lib/node_modules/npm/node_modules/@npmcli/fs/lib/move-file.js:30:5)
791 verbose stack     at async Promise.allSettled (index 0)
791 verbose stack     at async #reifyPackages (/Users/earthcake/.nvm/versions/node/v22.20.0/lib/node_modules/npm/node_modules/@npmcli/arborist/lib/arborist/reify.js:321:11)
791 verbose stack     at async Arborist.reify (/Users/earthcake/.nvm/versions/node/v22.20.0/lib/node_modules/npm/node_modules/@npmcli/arborist/lib/arborist/reify.js:127:5)
791 verbose stack     at async Install.exec (/Users/earthcake/.nvm/versions/node/v22.20.0/lib/node_modules/npm/lib/commands/install.js:149:5)
791 verbose stack     at async Npm.exec (/Users/earthcake/.nvm/versions/node/v22.20.0/lib/node_modules/npm/lib/npm.js:193:9)
791 verbose stack     at async module.exports (/Users/earthcake/.nvm/versions/node/v22.20.0/lib/node_modules/npm/lib/cli/entry.js:67:5)
792 error code EACCES
793 error syscall rename
794 error path /Users/earthcake/Documents/e-Training/e-training/node_modules/@ampproject/toolbox-core
795 error dest /Users/earthcake/Documents/e-Training/e-training/node_modules/@ampproject/.toolbox-core-jzKyBKyA
796 error errno -13
797 error Error: EACCES: permission denied, rename '/Users/earthcake/Documents/e-Training/e-training/node_modules/@ampproject/toolbox-core' -> '/Users/earthcake/Documents/e-Training/e-training/node_modules/@ampproject/.toolbox-core-jzKyBKyA'
797 error     at async Object.rename (node:internal/fs/promises:786:10)
797 error     at async moveFile (/Users/earthcake/.nvm/versions/node/v22.20.0/lib/node_modules/npm/node_modules/@npmcli/fs/lib/move-file.js:30:5)
797 error     at async Promise.allSettled (index 0)
797 error     at async #reifyPackages (/Users/earthcake/.nvm/versions/node/v22.20.0/lib/node_modules/npm/node_modules/@npmcli/arborist/lib/arborist/reify.js:321:11)
797 error     at async Arborist.reify (/Users/earthcake/.nvm/versions/node/v22.20.0/lib/node_modules/npm/node_modules/@npmcli/arborist/lib/arborist/reify.js:127:5)
797 error     at async Install.exec (/Users/earthcake/.nvm/versions/node/v22.20.0/lib/node_modules/npm/lib/commands/install.js:149:5)
797 error     at async Npm.exec (/Users/earthcake/.nvm/versions/node/v22.20.0/lib/node_modules/npm/lib/npm.js:193:9)
797 error     at async module.exports (/Users/earthcake/.nvm/versions/node/v22.20.0/lib/node_modules/npm/lib/cli/entry.js:67:5) {
797 error   errno: -13,
797 error   code: 'EACCES',
797 error   syscall: 'rename',
797 error   path: '/Users/earthcake/Documents/e-Training/e-training/node_modules/@ampproject/toolbox-core',
797 error   dest: '/Users/earthcake/Documents/e-Training/e-training/node_modules/@ampproject/.toolbox-core-jzKyBKyA'
797 error }
798 error
798 error The operation was rejected by your operating system.
798 error It is likely you do not have the permissions to access this file as the current user
798 error
798 error If you believe this might be a permissions issue, please double-check the permissions of the file and its containing directories, or try running the command again as root/Administrator.
799 silly unfinished npm timer reify 1778470144404
800 silly unfinished npm timer reify:retireShallow 1778470148533
801 verbose cwd /Users/earthcake/Documents/e-Training/e-training
802 verbose os Darwin 25.4.0
803 verbose node v22.20.0
804 verbose npm  v11.14.1
805 verbose exit -13
806 verbose code -13
807 error A complete log of this run can be found in: /Users/earthcake/Documents/e-Training/e-training/.npm_cache/_logs/2026-05-11T03_29_04_208Z-debug-0.log
